ID,CountDate,MaterialID,PartialCountID,AreasToCount,WorksheetXAreas,Counter,Priority,Completed,Unscheduled,Material Not Found,Reason Scheduled,CM Print Flag,Notes
1,04/12/2022,44,0,,,Calvin,,TRUE,FALSE,FALSE,,FALSE,
2,04/13/2022,56,0,,,Chris,,FALSE,FALSE,FALSE,,FALSE,
3,04/11/2022,125,0,,,Chris,,TRUE,FALSE,FALSE,,FALSE,
4,04/11/2022,156,0,,,Chris,,TRUE,FALSE,FALSE,,FALSE,
5,04/12/2022,164,0,,,Chris,,TRUE,FALSE,FALSE,,FALSE,
6,04/12/2022,166,0,,,Chris,,TRUE,FALSE,FALSE,,FALSE,
7,04/08/2022,193,0,,,Calvin,,TRUE,FALSE,FALSE,,FALSE,
8,04/11/2022,226,0,,,Chris,,TRUE,FALSE,FALSE,,FALSE,
9,04/11/2022,258,0,,,Chris,,TRUE,FALSE,FALSE,,FALSE,
10,04/11/2022,263,0,,,Chris,,TRUE,FALSE,FALSE,,FALSE,
11,04/11/2022,270,0,,,Chris,,TRUE,FALSE,FALSE,,FALSE,
12,04/11/2022,271,0,,,Chris,,TRUE,FALSE,FALSE,,FALSE,
13,04/11/2022,274,0,,,Chris,,TRUE,FALSE,FALSE,,FALSE,
14,04/11/2022,419,0,,,Chris,,TRUE,FALSE,FALSE,,FALSE,
15,04/08/2022,129,0,,,Calvin,,TRUE,FALSE,FALSE,,FALSE,
16,04/08/2022,134,0,,,Calvin,,TRUE,FALSE,FALSE,,FALSE,
17,04/08/2022,139,0,,,Calvin,,TRUE,FALSE,FALSE,,FALSE,
18,04/14/2022,141,0,,,Calvin,,TRUE,FALSE,FALSE,,FALSE,
19,04/14/2022,148,0,,,Calvin,,TRUE,FALSE,FALSE,,FALSE,
20,04/08/2022,152,0,,,Calvin,,TRUE,FALSE,FALSE,,FALSE,
21,04/14/2022,174,0,,,Calvin,,FALSE,FALSE,FALSE,,FALSE,
22,04/14/2022,196,0,,,Calvin,,TRUE,FALSE,FALSE,,FALSE,
23,04/14/2022,220,0,,,Calvin,,TRUE,FALSE,FALSE,,FALSE,
24,04/14/2022,232,0,,,Calvin,,TRUE,FALSE,FALSE,,FALSE,
25,04/08/2022,234,0,,,Calvin,,TRUE,FALSE,FALSE,,FALSE,
26,04/08/2022,242,0,,,Calvin,,TRUE,FALSE,FALSE,,FALSE,
27,04/08/2022,244,0,,,Calvin,,TRUE,FALSE,FALSE,,FALSE,
28,04/14/2022,247,0,,,Calvin,,TRUE,FALSE,FALSE,,FALSE,
29,04/14/2022,249,0,,,Calvin,,TRUE,FALSE,FALSE,,FALSE,
30,04/14/2022,254,0,,,Calvin,,TRUE,FALSE,FALSE,,FALSE,
31,04/13/2022,280,0,,,Chris,,FALSE,FALSE,FALSE,,FALSE,
32,04/14/2022,283,0,,,Calvin,,TRUE,FALSE,FALSE,,FALSE,
33,04/14/2022,284,0,,,Calvin,,TRUE,FALSE,FALSE,,FALSE,
34,04/11/2022,286,0,,,Chris,,TRUE,FALSE,FALSE,,FALSE,
35,04/13/2022,311,0,,,Chris,,FALSE,FALSE,FALSE,,FALSE,
36,04/14/2022,322,0,,,Calvin,,TRUE,FALSE,FALSE,,FALSE,
37,04/14/2022,333,0,,,Calvin,,TRUE,FALSE,FALSE,,FALSE,
38,04/14/2022,334,0,,,Calvin,,FALSE,FALSE,FALSE,,FALSE,
39,04/14/2022,399,0,,,Chris,,FALSE,FALSE,FALSE,,FALSE,
40,04/14/2022,564,0,,,Calvin,,FALSE,FALSE,FALSE,,FALSE,
41,04/11/2022,93,0,,,Chris,,TRUE,FALSE,FALSE,,FALSE,
42,04/11/2022,96,0,,,Calvin,,TRUE,FALSE,FALSE,,FALSE,
43,04/07/2022,184,0,,,Ryan,,TRUE,FALSE,FALSE,,FALSE,
44,04/11/2022,629,0,,,Chris,,TRUE,FALSE,TRUE,,FALSE,NONE FOUND
45,04/11/2022,630,0,,,Chris,,TRUE,FALSE,FALSE,,FALSE,
46,04/12/2022,57,0,,,Calvin,,FALSE,FALSE,FALSE,,FALSE,
47,04/12/2022,88,0,,,Calvin,,TRUE,FALSE,FALSE,,FALSE,
48,04/12/2022,104,0,,,Calvin,,TRUE,FALSE,FALSE,,FALSE,
49,04/12/2022,105,0,,,Calvin,,TRUE,FALSE,FALSE,,FALSE,
50,04/08/2022,117,0,,,Calvin,,TRUE,FALSE,FALSE,,FALSE,
51,04/12/2022,119,0,,,Calvin,,FALSE,FALSE,FALSE,,FALSE,
52,04/12/2022,132,0,,,Calvin,,TRUE,FALSE,FALSE,,FALSE,
53,04/12/2022,187,0,,,Calvin,,TRUE,FALSE,FALSE,,FALSE,
54,04/12/2022,189,0,,,Calvin,,TRUE,FALSE,FALSE,,FALSE,
55,04/12/2022,201,0,,,Calvin,,TRUE,FALSE,FALSE,,FALSE,
56,04/12/2022,205,0,,,Calvin,,TRUE,FALSE,TRUE,,FALSE,NO LONGER USED
57,04/12/2022,206,0,,,Calvin,,TRUE,FALSE,FALSE,,FALSE,
58,04/12/2022,293,0,,,Calvin,,TRUE,FALSE,FALSE,,FALSE,
59,04/12/2022,294,0,,,Calvin,,TRUE,FALSE,FALSE,,FALSE,
60,04/08/2022,305,0,,,Calvin,,TRUE,FALSE,FALSE,,FALSE,
61,04/11/2022,314,0,,,Chris,,TRUE,FALSE,FALSE,,FALSE,
62,04/12/2022,563,0,,,Calvin,,TRUE,FALSE,FALSE,,FALSE,
63,04/12/2022,660,0,,,Calvin,,TRUE,FALSE,FALSE,,FALSE,
64,04/12/2022,662,0,,,Calvin,,TRUE,FALSE,FALSE,,FALSE,
65,04/08/2022,61,0,,,Calvin,,TRUE,FALSE,FALSE,,FALSE,
66,04/08/2022,62,0,,,Calvin,,TRUE,FALSE,FALSE,,FALSE,
67,04/11/2022,86,0,,,Calvin,,TRUE,FALSE,FALSE,,FALSE,
68,04/11/2022,106,0,,,Calvin,,TRUE,FALSE,FALSE,,FALSE,
69,04/11/2022,111,0,,,Calvin,,TRUE,FALSE,FALSE,,FALSE,
70,04/11/2022,114,0,,,Calvin,,TRUE,FALSE,FALSE,,FALSE,
71,04/12/2022,120,0,,,Chris,,TRUE,FALSE,FALSE,,FALSE,
72,04/11/2022,131,0,,,Calvin,,TRUE,FALSE,FALSE,,FALSE,
73,04/12/2022,192,0,,,Chris,,TRUE,FALSE,FALSE,,FALSE,
74,04/12/2022,218,0,,,Chris,,FALSE,FALSE,FALSE,,FALSE,
75,04/12/2022,223,0,,,Calvin,,TRUE,FALSE,FALSE,,FALSE,
76,04/12/2022,224,0,,,Chris,,TRUE,FALSE,FALSE,,FALSE,
77,04/11/2022,373,0,,,Calvin,,TRUE,FALSE,FALSE,,FALSE,
78,04/15/2022,9,0,,,Calvin,,TRUE,FALSE,FALSE,,FALSE,
79,04/15/2022,21,0,,,Calvin,,TRUE,FALSE,FALSE,,FALSE,
80,04/11/2022,23,0,,,Calvin,,TRUE,FALSE,FALSE,,FALSE,
81,04/11/2022,24,0,,,Calvin,hot,TRUE,FALSE,FALSE,,FALSE,
82,04/15/2022,28,0,,,Chris,,TRUE,FALSE,FALSE,,FALSE,
83,04/18/2022,33,0,,,Chris,,TRUE,FALSE,FALSE,,FALSE,
84,04/15/2022,63,0,,,Calvin,,TRUE,FALSE,FALSE,,FALSE,
85,04/15/2022,65,0,,,Calvin,,TRUE,FALSE,FALSE,,FALSE,
86,04/13/2022,66,0,,,Chris,,FALSE,FALSE,FALSE,,FALSE,
87,04/15/2022,83,0,,,Calvin,,TRUE,FALSE,FALSE,,FALSE,
88,04/15/2022,85,0,,,Chris,,TRUE,FALSE,FALSE,,FALSE,
89,04/15/2022,87,0,,,Nikkia,,FALSE,FALSE,FALSE,,FALSE,
90,04/13/2022,268,0,,,Calvin,,TRUE,FALSE,FALSE,,FALSE,
91,04/18/2022,385,0,,,((unassigned)),,FALSE,FALSE,FALSE,,FALSE,
92,04/18/2022,386,0,,,Calvin,,TRUE,FALSE,FALSE,,FALSE,
93,04/18/2022,554,0,,,Nikkia,,TRUE,FALSE,FALSE,,FALSE,MPB??
94,04/13/2022,628,0,,,Chris,,FALSE,FALSE,FALSE,,FALSE,
95,04/13/2022,637,0,,,Chris,,FALSE,FALSE,FALSE,,FALSE,
96,04/21/2022,2,0,,,Nikkia,,TRUE,FALSE,FALSE,,FALSE,
97,04/21/2022,6,0,,,Nikkia,,TRUE,FALSE,TRUE,,FALSE,all in kitting
98,04/15/2022,10,0,,,((unassigned)),,FALSE,FALSE,FALSE,,FALSE,
99,04/22/2022,12,0,,,Chris,,FALSE,FALSE,FALSE,,FALSE,
100,04/22/2022,16,0,,,Chris,,FALSE,FALSE,FALSE,,FALSE,
101,04/06/2022,44,0,,,Chris,,TRUE,FALSE,FALSE,,FALSE,
102,04/07/2022,56,0,,,Chris,,TRUE,FALSE,FALSE,,FALSE,
103,04/07/2022,55,0,,,Calvin,,TRUE,FALSE,FALSE,,FALSE,
104,04/07/2022,630,0,,,Chris,,TRUE,FALSE,FALSE,,FALSE,
105,04/07/2022,86,0,,,Chris,,TRUE,FALSE,FALSE,,FALSE,
106,04/07/2022,106,0,,,Chris,,TRUE,FALSE,FALSE,,FALSE,
107,04/07/2022,120,0,,,Calvin,,TRUE,FALSE,FALSE,,FALSE,
108,04/07/2022,192,0,,,Calvin,,TRUE,FALSE,FALSE,,FALSE,
109,04/06/2022,218,0,,,Ryan,,TRUE,FALSE,FALSE,,FALSE,
110,04/07/2022,223,0,,,Chris,,TRUE,FALSE,FALSE,,FALSE,
111,04/07/2022,224,0,,,Calvin,,TRUE,FALSE,FALSE,,FALSE,
112,04/07/2022,628,0,,,Calvin,,TRUE,FALSE,FALSE,,FALSE,
113,04/11/2022,374,0,,,Calvin,,TRUE,FALSE,FALSE,,FALSE,
114,04/11/2022,326,0,,,Calvin,,TRUE,FALSE,FALSE,,FALSE,
115,04/11/2022,328,0,,,Calvin,,TRUE,FALSE,FALSE,,FALSE,
116,04/14/2022,251,0,,,Calvin,,TRUE,FALSE,FALSE,,FALSE,
117,04/12/2022,191,0,,,Chris,,TRUE,FALSE,FALSE,,FALSE,
118,04/07/2022,93,0,,,Ryan,,TRUE,FALSE,FALSE,,FALSE,
119,04/12/2022,193,0,,,Chris,,TRUE,FALSE,FALSE,,FALSE,
120,04/11/2022,399,0,,,Calvin,hot,TRUE,FALSE,FALSE,,FALSE,
121,04/11/2022,459,0,,,Calvin,,TRUE,FALSE,TRUE,,FALSE,NOT OUR PART
122,04/11/2022,460,0,,,Calvin,,TRUE,FALSE,TRUE,,FALSE,NOT OUR PART
123,04/12/2022,55,0,,,Chris,,TRUE,FALSE,FALSE,,FALSE,
124,04/12/2022,184,0,,,Chris,,TRUE,FALSE,FALSE,,FALSE,
125,04/12/2022,61,0,,,Calvin,,TRUE,FALSE,FALSE,,FALSE,
126,04/12/2022,62,0,,,Chris,,TRUE,FALSE,FALSE,,FALSE,
127,04/12/2022,628,0,,,Chris,,TRUE,FALSE,FALSE,,FALSE,
128,04/12/2022,10,0,,,Calvin,hot,TRUE,FALSE,FALSE,,FALSE,
129,04/11/2022,400,0,,,Ryan,Mindy,TRUE,FALSE,FALSE,,FALSE,
130,04/11/2022,394,0,,,Ryan,Mindy,TRUE,FALSE,FALSE,,FALSE,
131,04/13/2022,120,0,,,Chris,,FALSE,FALSE,FALSE,,FALSE,
132,04/13/2022,131,0,,,Chris,,FALSE,FALSE,FALSE,,FALSE,
133,04/13/2022,106,0,,,Chris,,FALSE,FALSE,FALSE,,FALSE,
134,04/13/2022,96,0,,,Chris,,FALSE,FALSE,FALSE,,FALSE,
135,04/13/2022,630,0,,,Chris,,FALSE,FALSE,FALSE,,FALSE,
136,04/13/2022,134,0,,,Chris,,FALSE,FALSE,FALSE,,FALSE,
137,04/15/2022,105,0,,,Calvin,,TRUE,FALSE,FALSE,,FALSE,
138,04/13/2022,111,0,,,Calvin,,TRUE,FALSE,FALSE,,FALSE,
139,04/14/2022,88,0,,,Chris,,FALSE,FALSE,FALSE,,FALSE,
140,04/14/2022,105,0,,,Calvin,,FALSE,FALSE,FALSE,,FALSE,
141,04/14/2022,201,0,,,Calvin,,FALSE,FALSE,FALSE,,FALSE,
142,04/14/2022,294,0,,,Chris,,FALSE,FALSE,FALSE,,FALSE,
143,04/13/2022,224,0,,,Calvin,,TRUE,FALSE,FALSE,,FALSE,
144,04/13/2022,192,0,,,Calvin,,TRUE,FALSE,FALSE,,FALSE,
145,04/14/2022,56,0,,,Chris,,FALSE,FALSE,FALSE,,FALSE,
146,04/14/2022,66,0,,,Chris,,FALSE,FALSE,FALSE,,FALSE,
147,04/14/2022,96,0,,,Chris,,FALSE,FALSE,FALSE,,FALSE,
148,04/14/2022,106,0,,,Chris,,FALSE,FALSE,FALSE,,FALSE,
149,04/14/2022,120,0,,,Chris,,FALSE,FALSE,FALSE,,FALSE,
150,04/14/2022,131,0,,,Chris,,FALSE,FALSE,FALSE,,FALSE,
151,04/14/2022,134,0,,,Chris,,FALSE,FALSE,FALSE,,FALSE,
152,04/14/2022,280,0,,,Chris,,FALSE,FALSE,FALSE,,FALSE,
153,04/14/2022,311,0,,,Chris,,FALSE,FALSE,FALSE,,FALSE,
154,04/14/2022,628,0,,,Chris,,FALSE,FALSE,FALSE,,FALSE,
155,04/14/2022,630,0,,,Chris,,FALSE,FALSE,FALSE,,FALSE,
156,04/14/2022,637,0,,,Chris,,FALSE,FALSE,FALSE,,FALSE,
157,04/15/2022,305,0,,,Calvin,,TRUE,FALSE,FALSE,,FALSE,
158,04/15/2022,662,0,,,Calvin,,TRUE,FALSE,FALSE,,FALSE,
159,04/18/2022,93,0,,,((unassigned)),,FALSE,FALSE,FALSE,,FALSE,
160,04/15/2022,104,0,,,Chris,,FALSE,FALSE,FALSE,,FALSE,
161,04/15/2022,117,0,,,Chris,,TRUE,FALSE,FALSE,,FALSE,
162,04/15/2022,132,0,,,Chris,,TRUE,FALSE,FALSE,,FALSE,
163,04/15/2022,206,0,,,Nikkia,,TRUE,FALSE,FALSE,,FALSE,
164,04/15/2022,314,0,,,Calvin,,FALSE,FALSE,FALSE,,FALSE,
165,04/15/2022,563,0,,,Chris,,TRUE,FALSE,FALSE,,FALSE,
166,04/18/2022,23,0,,,Chris,,TRUE,FALSE,FALSE,,FALSE,
167,04/18/2022,24,0,,,Chris,,TRUE,FALSE,FALSE,,FALSE,
168,04/18/2022,268,0,,,Calvin,,FALSE,FALSE,FALSE,,FALSE,
169,04/18/2022,373,0,,,Chris,,TRUE,FALSE,FALSE,,FALSE,
170,04/18/2022,374,0,,,Calvin,,TRUE,FALSE,FALSE,,FALSE,
171,04/18/2022,55,0,,,((unassigned)),,FALSE,FALSE,FALSE,,FALSE,
172,04/18/2022,96,0,,,Calvin,,FALSE,FALSE,FALSE,,FALSE,
173,04/18/2022,106,0,,,Calvin,,FALSE,FALSE,FALSE,,FALSE,
174,04/18/2022,184,0,,,Calvin,,FALSE,FALSE,FALSE,,FALSE,
175,04/19/2022,630,0,,,Calvin,,TRUE,FALSE,FALSE,,FALSE,
176,04/19/2022,61,0,,,Chris,,TRUE,FALSE,FALSE,,FALSE,
177,04/19/2022,62,0,,,Calvin,,TRUE,FALSE,FALSE,,FALSE,
178,04/19/2022,111,0,,,Chris,,TRUE,FALSE,FALSE,,FALSE,
179,04/19/2022,114,0,,,Chris,,TRUE,FALSE,FALSE,,FALSE,
180,04/18/2022,120,0,,,Calvin,,TRUE,FALSE,FALSE,,FALSE,Find ALL 868 & Prod locations
181,04/18/2022,131,0,,,Calvin,,TRUE,FALSE,FALSE,,FALSE,
182,04/19/2022,192,0,,,Calvin,,TRUE,FALSE,FALSE,,FALSE,
183,04/18/2022,218,0,,,Calvin,,FALSE,FALSE,FALSE,,FALSE,
184,04/19/2022,223,0,,,Chris,,TRUE,FALSE,FALSE,,FALSE,
185,04/19/2022,628,0,,,Calvin,,TRUE,FALSE,FALSE,,FALSE,
186,04/15/2022,201,0,,,Calvin,,TRUE,FALSE,FALSE,,FALSE,
187,04/18/2022,201,0,,,Chris,,TRUE,FALSE,FALSE,,FALSE,
188,04/15/2022,174,0,,,Calvin,,TRUE,FALSE,FALSE,,FALSE,carryover
189,04/15/2022,334,0,,,Calvin,,FALSE,FALSE,FALSE,,FALSE,carryover
190,04/15/2022,399,0,,,Chris,,FALSE,FALSE,FALSE,,FALSE,carryover
191,04/15/2022,564,0,,,Calvin,,FALSE,FALSE,FALSE,,FALSE,carryover
192,04/15/2022,88,0,,,Chris,,TRUE,FALSE,FALSE,,FALSE,carryover
193,04/15/2022,294,0,,,Chris,,TRUE,FALSE,FALSE,,FALSE,carryover
194,04/15/2022,56,0,,,((unassigned)),,FALSE,FALSE,FALSE,,FALSE,carryover
195,04/15/2022,66,0,,,Chris,,TRUE,FALSE,FALSE,,FALSE,carryover
196,04/15/2022,96,0,,,((unassigned)),,FALSE,FALSE,FALSE,,FALSE,carryover
197,04/15/2022,106,0,,,((unassigned)),,FALSE,FALSE,FALSE,,FALSE,carryover
198,04/15/2022,120,0,,,Chris,,TRUE,FALSE,FALSE,,FALSE,carryover
199,04/15/2022,134,0,,,Chris,,TRUE,FALSE,FALSE,,FALSE,carryover
200,04/15/2022,280,0,,,Chris,,FALSE,FALSE,FALSE,,FALSE,carryover
201,04/15/2022,311,0,,,Chris,,FALSE,FALSE,FALSE,,FALSE,carryover
202,04/15/2022,628,0,,,((unassigned)),,FALSE,FALSE,FALSE,,FALSE,carryover
203,04/15/2022,637,0,,,Chris,,TRUE,FALSE,FALSE,,FALSE,carryover
204,04/15/2022,24,0,,,Nikkia,test,FALSE,FALSE,FALSE,,FALSE,
205,04/18/2022,87,0,,,Chris,,TRUE,FALSE,FALSE,,FALSE,
206,04/18/2022,28,0,,,((unassigned)),,FALSE,FALSE,FALSE,,FALSE,
207,04/18/2022,85,0,,,Calvin,,TRUE,FALSE,FALSE,,FALSE,
208,04/18/2022,63,0,,,Peter,,TRUE,FALSE,FALSE,,FALSE,
209,04/18/2022,104,0,,,Calvin,carryover,FALSE,FALSE,FALSE,,FALSE,
210,04/18/2022,206,0,,,Nate,,TRUE,FALSE,FALSE,,FALSE,
211,04/18/2022,88,0,,,Nikkia,,TRUE,FALSE,FALSE,,FALSE,
212,04/18/2022,305,0,,,Nate,,TRUE,FALSE,FALSE,,FALSE,
213,04/18/2022,563,0,,,Peter,,FALSE,FALSE,FALSE,,FALSE,
214,04/18/2022,662,0,,,Peter,,FALSE,FALSE,FALSE,,FALSE,
215,04/18/2022,65,0,,,Chris,,TRUE,FALSE,FALSE,,FALSE,I _KNOW_ you just counted it.  We very recently rcvd a shipment of more of this.  Please count it again.  Thank you.
216,04/18/2022,66,0,,,Calvin,,TRUE,FALSE,FALSE,recently rcvd,FALSE,
217,04/19/2022,193,0,,,Calvin,,TRUE,FALSE,FALSE,,FALSE,
218,04/19/2022,637,0,,,Calvin,,TRUE,FALSE,FALSE,,FALSE,
219,04/18/2022,333,0,,,Nikkia,,TRUE,FALSE,FALSE,,FALSE,
220,04/18/2022,564,0,,,Calvin,carryover,TRUE,FALSE,TRUE,,FALSE,carryover
221,04/19/2022,385,0,,,,carryover,TRUE,FALSE,FALSE,,FALSE,carryover
222,04/19/2022,93,0,,,Chris,carryover,TRUE,FALSE,FALSE,,FALSE,carryover
223,04/19/2022,268,0,,,Calvin,carryover,TRUE,FALSE,FALSE,,FALSE,carryover
224,04/19/2022,55,0,,,Chris,carryover,TRUE,FALSE,FALSE,,FALSE,carryover
225,04/19/2022,96,0,,,Calvin,carryover,TRUE,FALSE,FALSE,,FALSE,carryover
226,04/19/2022,106,0,,,Calvin,carryover,TRUE,FALSE,FALSE,,FALSE,carryover
227,04/19/2022,184,0,,,Calvin,carryover,TRUE,FALSE,FALSE,,FALSE,carryover
228,04/19/2022,218,0,,,Calvin,carryover,TRUE,FALSE,FALSE,,FALSE,carryover
229,04/19/2022,28,0,,,Calvin,carryover,TRUE,FALSE,FALSE,,FALSE,carryover
230,04/19/2022,104,0,,,Calvin,carryover,TRUE,FALSE,FALSE,,FALSE,carryover
231,04/19/2022,563,0,,,Calvin,carryover,TRUE,FALSE,FALSE,,FALSE,carryover
232,04/19/2022,662,0,,,Chris,carryover,TRUE,FALSE,FALSE,,FALSE,carryover
233,04/19/2022,311,0,,,Calvin,HOT!,TRUE,FALSE,FALSE,,FALSE,
234,04/19/2022,141,0,,,Calvin,HOT!,TRUE,FALSE,FALSE,,FALSE,
235,04/19/2022,148,0,,,Calvin,HOT!,TRUE,FALSE,FALSE,,FALSE,
236,04/19/2022,227,0,,,Calvin,HOT!,TRUE,FALSE,FALSE,,FALSE,
237,04/18/2022,637,0,,,Nate,,TRUE,TRUE,FALSE,,FALSE,
238,04/20/2022,224,0,,,,,TRUE,FALSE,FALSE,,FALSE,
239,04/19/2022,131,0,,,Chris,,TRUE,TRUE,FALSE,,FALSE,
240,04/19/2022,63,0,,,Chris,,TRUE,TRUE,FALSE,,FALSE,
241,04/19/2022,83,0,,,Chris,,TRUE,TRUE,FALSE,,FALSE,
242,04/20/2022,223,0,,,Chris,,TRUE,FALSE,FALSE,,FALSE,
243,04/20/2022,192,0,,,Calvin2,,FALSE,FALSE,FALSE,,FALSE,
244,04/20/2022,62,0,,,Chris,,TRUE,FALSE,FALSE,,FALSE,
245,04/20/2022,111,0,,,Calvin,,TRUE,FALSE,FALSE,,FALSE,
246,04/20/2022,131,0,,,Calvin,,TRUE,FALSE,FALSE,,FALSE,
247,04/20/2022,93,0,,,Calvin,,TRUE,FALSE,FALSE,,FALSE,
248,04/20/2022,106,0,,,Chris,,TRUE,FALSE,FALSE,,FALSE,
249,04/20/2022,222,0,,,Calvin2,,FALSE,FALSE,FALSE,,FALSE,
250,04/20/2022,218,0,,,Calvin2,,FALSE,FALSE,FALSE,,FALSE,
251,04/21/2022,44,0,,,Chris2,,TRUE,FALSE,FALSE,,FALSE,
252,04/21/2022,56,0,,,Chris2,,TRUE,FALSE,FALSE,,FALSE,
253,04/21/2022,125,0,,,Chris2,,TRUE,FALSE,FALSE,,FALSE,
254,04/21/2022,156,0,,,Chris2,,TRUE,FALSE,TRUE,,FALSE,all in IQC
255,04/21/2022,166,0,,,Chris2,,TRUE,FALSE,FALSE,dblcheck counts on this part - do not include 1092348-04,FALSE,
256,04/21/2022,191,0,,,Chris2,,TRUE,FALSE,FALSE,,FALSE,
257,04/21/2022,226,0,,,Calvin2,,TRUE,FALSE,FALSE,,FALSE,
258,04/21/2022,258,0,,,Calvin2,,TRUE,FALSE,FALSE,,FALSE,
259,04/21/2022,263,0,,,Calvin2,,TRUE,FALSE,FALSE,,FALSE,
260,04/21/2022,270,0,,,Calvin2,,TRUE,FALSE,FALSE,,FALSE,
261,04/21/2022,271,0,,,Calvin2,,TRUE,FALSE,FALSE,,FALSE,
262,04/21/2022,274,0,,,Calvin2,,TRUE,FALSE,FALSE,,FALSE,
263,04/21/2022,419,0,,,Calvin2,,TRUE,FALSE,FALSE,,FALSE,
264,04/21/2022,164,0,,,Calvin2,,TRUE,FALSE,FALSE,,FALSE,really an A-part? Prolly not - see 1092348-06. dblcheck counts on this part - do not include 1092348-06
265,04/21/2022,133,0,,,Chris2,,TRUE,FALSE,FALSE,really a part?,FALSE,
266,04/21/2022,283,0,,,Chris,,TRUE,FALSE,FALSE,really a part?,FALSE,
267,04/21/2022,659,0,,,Calvin,,TRUE,FALSE,FALSE,really a part?,FALSE,
268,04/21/2022,187,0,,,Calvin,,TRUE,FALSE,FALSE,really a part?,FALSE,
269,04/21/2022,189,0,,,Chris,,TRUE,FALSE,FALSE,really a part?,FALSE,
270,04/21/2022,293,0,,,Chris,,TRUE,FALSE,FALSE,really a part?,FALSE,
271,04/21/2022,660,0,,,Chris,,TRUE,FALSE,FALSE,really a part?,FALSE,
272,04/21/2022,385,0,,,Chris,,TRUE,FALSE,FALSE,,FALSE,really a part? Not on Ryan's list
273,04/22/2022,564,0,,,Calvin,,FALSE,FALSE,FALSE,,FALSE,
274,04/21/2022,28,0,,,Nikkia,,TRUE,FALSE,FALSE,,FALSE,"8000 @868, only count flr_RBFB"
275,04/21/2022,126,0,,,Calvin,,TRUE,TRUE,FALSE,,FALSE,
276,04/22/2022,385,0,,,Calvin,vfy,TRUE,FALSE,FALSE,,FALSE,
277,04/22/2022,56,0,,,Calvin,vfy,TRUE,FALSE,FALSE,,FALSE,
278,04/22/2022,263,0,,,Chris,vfy,FALSE,FALSE,FALSE,,FALSE,
279,04/22/2022,133,0,,,Chris,vfy,FALSE,FALSE,FALSE,,FALSE,
280,04/22/2022,2,0,,,Calvin2,vfy,TRUE,FALSE,FALSE,,FALSE,
281,04/22/2022,8,0,,,Chris,,TRUE,FALSE,FALSE,,FALSE,
282,04/22/2022,18,0,,,Chris,,FALSE,FALSE,FALSE,,FALSE,
283,04/22/2022,20,0,,,Chris,,FALSE,FALSE,FALSE,,FALSE,
284,04/22/2022,22,0,,,Chris,,FALSE,FALSE,FALSE,,FALSE,
285,04/22/2022,29,0,,,Chris,,FALSE,FALSE,FALSE,,FALSE,
286,04/22/2022,94,0,,,Chris,,FALSE,FALSE,FALSE,,FALSE,
287,04/22/2022,204,0,,,Chris,,FALSE,FALSE,FALSE,,FALSE,
288,04/25/2022,152,0,,,Nikkia/Calvin,,FALSE,FALSE,FALSE,Recent movement of this material,FALSE,
289,04/25/2022,224,0,,,Calvin,,TRUE,FALSE,FALSE,Recent movement of this material,FALSE,
290,04/25/2022,65,0,,,Calvin,,TRUE,FALSE,FALSE,Recent movement of this material,FALSE,
291,04/25/2022,286,0,,,Chris,,TRUE,FALSE,FALSE,Recent movement of this material,FALSE,
292,04/25/2022,66,0,,,Calvin,,TRUE,FALSE,FALSE,Recent movement of this material,FALSE,
293,04/25/2022,131,0,,,Chris,,TRUE,FALSE,FALSE,Recent movement of this material,FALSE,
294,04/25/2022,222,0,,,Calvin,,TRUE,FALSE,FALSE,Recent movement of this material,FALSE,
295,04/25/2022,385,0,,,Calvin,,TRUE,FALSE,FALSE,Recent movement of this material,FALSE,
296,04/25/2022,83,0,,,Chris,,TRUE,FALSE,FALSE,Recent movement of this material,FALSE,
297,04/25/2022,87,0,,,Chris,,TRUE,FALSE,FALSE,Recent movement of this material,FALSE,
298,04/25/2022,24,0,,,Calvin,,TRUE,FALSE,FALSE,Recent movement of this material,FALSE,
299,04/25/2022,133,0,,,Nikkia/Calvin,,TRUE,FALSE,FALSE,Recent movement of this material,FALSE,
300,04/25/2022,280,0,,,Nikkia/Calvin,,FALSE,FALSE,FALSE,last count was 04/15,FALSE,
301,04/25/2022,31,0,,,Chris,,TRUE,FALSE,TRUE,last count prior to 04/11,FALSE,
302,04/25/2022,70,0,,,Calvin,,TRUE,FALSE,TRUE,last count prior to 04/11,FALSE,
303,04/25/2022,12,0,,,Calvin,,TRUE,FALSE,FALSE,received new material on 04/20/2022,FALSE,
304,04/25/2022,18,0,,,Calvin,,TRUE,FALSE,FALSE,received new material on 04/19/2022,FALSE,
305,04/25/2022,23,0,,,Calvin,,TRUE,FALSE,FALSE,received new material on 04/15/2022,FALSE,
306,04/25/2022,192,0,,,Calvin,,TRUE,FALSE,FALSE,received new material on 04/18/2022,FALSE,
307,04/25/2022,193,0,,,Calvin,,TRUE,FALSE,FALSE,received new material on 04/20/2022,FALSE,
308,04/25/2022,263,0,,,Chris,,TRUE,FALSE,FALSE,,FALSE,
309,04/25/2022,111,0,,,Chris2,,TRUE,FALSE,FALSE,,FALSE,
310,04/25/2022,120,0,,,Chris2,,TRUE,FALSE,FALSE,,FALSE,
311,04/25/2022,61,0,,,Chris2,,TRUE,FALSE,FALSE,,FALSE,
312,04/25/2022,62,0,,,Chris2,,TRUE,FALSE,FALSE,,FALSE,
313,04/25/2022,93,0,,,Chris2,,TRUE,FALSE,FALSE,,FALSE,
314,04/25/2022,96,0,,,Chris2,,TRUE,FALSE,FALSE,,FALSE,
315,04/25/2022,106,0,,,Chris2,,TRUE,FALSE,FALSE,,FALSE,
316,04/25/2022,125,0,,,Chris2,,TRUE,FALSE,FALSE,,FALSE,
317,04/25/2022,126,0,,,Chris2,,TRUE,FALSE,FALSE,,FALSE,
318,04/25/2022,164,0,,,Chris2,,TRUE,FALSE,FALSE,,FALSE,
319,04/25/2022,166,0,,,Chris2,,TRUE,FALSE,FALSE,,FALSE,
320,04/25/2022,628,0,,,Chris2,,TRUE,FALSE,FALSE,,FALSE,
321,04/25/2022,630,0,,,Chris2,,TRUE,FALSE,FALSE,,FALSE,
322,04/25/2022,324,0,,,Chris2,,TRUE,FALSE,FALSE,,FALSE,Include qty at 868_IQC
323,04/26/2022,152,0,,,Chris,,TRUE,FALSE,FALSE,Recent movement of this material,FALSE,check IQC
324,04/26/2022,280,0,,,Chris,,TRUE,FALSE,TRUE,last count was 04/15,FALSE,
325,04/26/2022,114,0,,,Chris,,TRUE,FALSE,FALSE,,FALSE,
326,04/26/2022,61,0,,,Calvin,,TRUE,FALSE,FALSE,verify prev count,FALSE,
327,04/26/2022,111,0,,,Calvin,,TRUE,FALSE,FALSE,verify,FALSE,
328,04/26/2022,120,0,,,Calvin,,TRUE,FALSE,FALSE,verify,FALSE,
329,04/26/2022,131,0,,,Calvin,,TRUE,FALSE,FALSE,verify prev count,FALSE,
330,04/26/2022,218,0,,,Chris,,TRUE,FALSE,FALSE,,FALSE,
331,04/26/2022,223,0,,,Chris,,TRUE,FALSE,FALSE,,FALSE,
332,04/26/2022,55,0,,,Calvin,,TRUE,FALSE,FALSE,,FALSE,
333,04/26/2022,630,0,,,Calvin,,TRUE,FALSE,FALSE,,FALSE,
334,04/27/2022,184,0,,,Chris,hot,TRUE,FALSE,FALSE,A parts,FALSE,
335,04/27/2022,419,0,,,Chris,,TRUE,FALSE,FALSE,A parts,FALSE,
336,04/27/2022,274,0,,,Chris,,TRUE,FALSE,FALSE,A parts,FALSE,
337,04/27/2022,56,0,,,Chris,,TRUE,FALSE,FALSE,A parts,FALSE,
338,04/27/2022,258,0,,,Chris,hot,TRUE,FALSE,FALSE,A parts,FALSE,
339,04/27/2022,263,0,,,Chris,,TRUE,FALSE,FALSE,A parts,FALSE,
340,04/27/2022,156,0,,,Chris,,TRUE,FALSE,FALSE,A parts,FALSE,
341,04/27/2022,270,0,,,Chris,lo,TRUE,FALSE,FALSE,A parts,FALSE,
342,04/27/2022,271,0,,,Chris,lo,TRUE,FALSE,FALSE,A parts,FALSE,
343,04/27/2022,226,0,,,Chris,lo,TRUE,FALSE,FALSE,A parts,FALSE,
344,04/27/2022,44,0,,,Chris,lo,TRUE,FALSE,FALSE,A parts,FALSE,
345,04/27/2022,192,0,,,Calvin,,TRUE,FALSE,FALSE,phys 5274 over SAP,FALSE,make sure every item counted is this matl
346,04/27/2022,131,0,,,Calvin,,TRUE,FALSE,FALSE,phys is 790 under SAP,FALSE,look hard for a stray plt
347,04/27/2022,224,0,,,Calvin,,TRUE,FALSE,FALSE,phys is 30177 over SAP,FALSE,make sure every item counted is this matl
348,04/27/2022,222,0,,,Calvin,,TRUE,FALSE,FALSE,phys is 820 under SAP,FALSE,search hard for missing plt
349,04/27/2022,93,0,,,Calvin,,TRUE,FALSE,FALSE,phys is 54 under SAP,FALSE,make sure it's ALL counted
350,04/27/2022,152,0,,,Chris,lo,TRUE,FALSE,FALSE,,FALSE,
351,04/27/2022,280,0,,,Chris,lo,TRUE,FALSE,FALSE,,FALSE,
352,04/28/2022,152,0,,,Chris,,TRUE,FALSE,FALSE,,FALSE,IQC supposedly has several thousand of these
353,04/28/2022,191,0,,,Calvin,,TRUE,FALSE,FALSE,verify,FALSE,
354,04/28/2022,86,0,,,Chris,,TRUE,FALSE,FALSE,,FALSE,
355,05/02/2022,343,0,,,Chris,,TRUE,FALSE,FALSE,,FALSE,
356,05/02/2022,346,0,,,Chris,,TRUE,FALSE,FALSE,,FALSE,
357,04/28/2022,88,0,,,Chris,,TRUE,FALSE,FALSE,,FALSE,
358,04/28/2022,105,0,,,Chris,,TRUE,FALSE,FALSE,,FALSE,
359,04/28/2022,132,0,,,Chris,,TRUE,FALSE,FALSE,,FALSE,
360,04/28/2022,104,0,,,Chris,,TRUE,FALSE,FALSE,,FALSE,
361,04/28/2022,201,0,,,Chris,,TRUE,FALSE,FALSE,,FALSE,
362,04/28/2022,305,0,,,Chris,,TRUE,FALSE,FALSE,,FALSE,
363,04/28/2022,9,0,,,Chris,,TRUE,FALSE,FALSE,,FALSE,
364,04/28/2022,21,0,,,Chris,,FALSE,FALSE,FALSE,,FALSE,
365,04/28/2022,23,0,,,Chris,,TRUE,FALSE,FALSE,,FALSE,
366,05/03/2022,44,0,,,,,TRUE,FALSE,FALSE,,FALSE,
367,05/03/2022,56,0,,,,,TRUE,FALSE,FALSE,,FALSE,
368,05/03/2022,126,0,,,,,TRUE,FALSE,FALSE,,FALSE,
369,05/03/2022,156,0,,,,,TRUE,FALSE,FALSE,,FALSE,
370,05/03/2022,191,0,,,,,TRUE,FALSE,FALSE,,FALSE,
371,05/03/2022,193,0,,,,,TRUE,FALSE,FALSE,,FALSE,
372,05/03/2022,226,0,,,,,TRUE,FALSE,FALSE,,FALSE,
373,05/03/2022,258,0,,,,,TRUE,FALSE,FALSE,,FALSE,
374,05/03/2022,263,0,,,,,TRUE,FALSE,FALSE,,FALSE,
375,05/03/2022,270,0,,,,,TRUE,FALSE,FALSE,,FALSE,
376,05/03/2022,271,0,,,,,TRUE,FALSE,FALSE,,FALSE,
377,05/03/2022,274,0,,,,,TRUE,FALSE,FALSE,,FALSE,
378,05/03/2022,419,0,,,,,TRUE,FALSE,FALSE,,FALSE,
379,05/03/2022,125,0,,,,,TRUE,FALSE,FALSE,,FALSE,
380,04/29/2022,129,0,,,Chris,,TRUE,FALSE,FALSE,,FALSE,
381,05/06/2022,134,0,,,,,TRUE,FALSE,FALSE,,FALSE,
382,04/29/2022,139,0,,,Chris,,TRUE,FALSE,FALSE,,FALSE,
383,05/06/2022,141,0,,,,,FALSE,FALSE,FALSE,,FALSE,
384,05/06/2022,148,0,,,,,TRUE,FALSE,FALSE,,FALSE,
385,05/06/2022,152,0,,,,,TRUE,FALSE,FALSE,,FALSE,make sure IQC inventory is counted!!
386,05/06/2022,174,0,,,,,TRUE,FALSE,FALSE,,FALSE,
387,05/06/2022,196,0,,,,,TRUE,FALSE,FALSE,,FALSE,
388,05/06/2022,220,0,,,,,TRUE,FALSE,FALSE,,FALSE,
389,05/06/2022,227,0,,,,,FALSE,FALSE,FALSE,,FALSE,
390,05/06/2022,232,0,,,,,TRUE,FALSE,FALSE,,FALSE,
391,04/29/2022,234,0,,,Chris,,TRUE,FALSE,FALSE,,FALSE,
392,04/29/2022,242,0,,,Chris,,TRUE,FALSE,FALSE,,FALSE,
393,04/29/2022,244,0,,,Chris,,FALSE,FALSE,FALSE,,FALSE,
394,05/06/2022,247,0,,,,,TRUE,FALSE,FALSE,,FALSE,
395,05/06/2022,249,0,,,,,TRUE,FALSE,FALSE,,FALSE,
396,05/06/2022,251,0,,,,,TRUE,FALSE,FALSE,,FALSE,
397,05/06/2022,254,0,,,,,TRUE,FALSE,FALSE,,FALSE,
398,05/06/2022,280,0,,,,,TRUE,FALSE,FALSE,,FALSE,
399,05/06/2022,284,0,,,,,TRUE,FALSE,FALSE,,FALSE,
400,05/06/2022,286,0,,,,,TRUE,FALSE,FALSE,,FALSE,
401,05/06/2022,311,0,,,,,TRUE,FALSE,FALSE,,FALSE,
402,05/06/2022,322,0,,,,,TRUE,FALSE,FALSE,,FALSE,
403,05/06/2022,399,0,,,,,FALSE,FALSE,FALSE,,FALSE,
404,05/06/2022,133,0,,,,,TRUE,FALSE,FALSE,,FALSE,
405,05/06/2022,659,0,,,,,TRUE,FALSE,FALSE,,FALSE,
406,05/02/2022,55,0,,,,,FALSE,FALSE,FALSE,,FALSE,
407,05/02/2022,93,0,,,,,TRUE,FALSE,FALSE,,FALSE,
408,05/02/2022,96,0,,,,,FALSE,FALSE,FALSE,,FALSE,
409,05/02/2022,106,0,,,,,FALSE,FALSE,FALSE,,FALSE,
410,05/02/2022,184,0,,,,,TRUE,FALSE,FALSE,,FALSE,
411,05/02/2022,630,0,,,,,TRUE,FALSE,FALSE,,FALSE,
412,05/04/2022,88,0,,,,,TRUE,FALSE,FALSE,,FALSE,
413,05/04/2022,104,0,,,,,TRUE,FALSE,FALSE,,FALSE,
414,05/04/2022,105,0,,,,,TRUE,FALSE,FALSE,,FALSE,
415,05/04/2022,132,0,,,,,TRUE,FALSE,FALSE,,FALSE,
416,05/04/2022,201,0,,,,,TRUE,FALSE,FALSE,,FALSE,
417,04/29/2022,206,0,,,Chris,,TRUE,FALSE,FALSE,,FALSE,
418,04/29/2022,294,0,,,Chris,,TRUE,FALSE,FALSE,,FALSE,
419,04/29/2022,305,0,,,Calvin,,TRUE,FALSE,FALSE,verify prev cnt,FALSE,
420,04/29/2022,563,0,,,Chris,,TRUE,FALSE,FALSE,,FALSE,
421,04/29/2022,662,0,,,Chris,,TRUE,FALSE,FALSE,,FALSE,
422,04/29/2022,187,0,,,Chris,,TRUE,FALSE,FALSE,,FALSE,
423,05/06/2022,2,0,,,,,FALSE,FALSE,FALSE,,FALSE,
424,05/06/2022,6,0,,,,,TRUE,FALSE,FALSE,,FALSE,
425,05/06/2022,10,0,,,,,TRUE,FALSE,FALSE,,FALSE,
426,05/06/2022,12,0,,,,,FALSE,FALSE,FALSE,,FALSE,
427,05/06/2022,16,0,,,,,TRUE,FALSE,FALSE,,FALSE,
428,05/06/2022,326,0,,,,,TRUE,FALSE,FALSE,,FALSE,
429,05/06/2022,328,0,,,,,TRUE,FALSE,FALSE,,FALSE,
430,05/02/2022,61,0,,,,,TRUE,FALSE,FALSE,,FALSE,
431,05/02/2022,62,0,,,,,TRUE,FALSE,FALSE,,FALSE,
432,05/02/2022,111,0,,,,,TRUE,FALSE,FALSE,,FALSE,
433,05/02/2022,114,0,,,,,FALSE,FALSE,FALSE,,FALSE,
434,05/03/2022,120,0,,,,,TRUE,FALSE,FALSE,Major material movement,FALSE,
435,05/02/2022,131,0,,,,,TRUE,FALSE,FALSE,,FALSE,
436,05/02/2022,192,0,,,,,TRUE,FALSE,FALSE,,FALSE,
437,05/02/2022,218,0,,,,,TRUE,FALSE,FALSE,,FALSE,
438,05/03/2022,222,0,,,,,TRUE,FALSE,FALSE,Major material movement and inbound matl,FALSE,
439,05/02/2022,223,0,,,,,FALSE,FALSE,FALSE,,FALSE,
440,05/03/2022,224,0,,,,,TRUE,FALSE,FALSE,Major material movement and inbound matl,FALSE,
441,05/02/2022,628,0,,,,,TRUE,FALSE,FALSE,,FALSE,
442,05/04/2022,9,0,,,Calvin,,TRUE,FALSE,FALSE,,FALSE,
443,05/04/2022,21,0,,,Calvin,,TRUE,FALSE,FALSE,,FALSE,
444,05/04/2022,23,0,,,Calvin,,TRUE,FALSE,FALSE,,FALSE,
445,05/04/2022,24,0,,,,,TRUE,FALSE,FALSE,,FALSE,
446,05/04/2022,28,0,,,,,TRUE,FALSE,FALSE,,FALSE,
447,04/29/2022,33,0,,,Chris,,TRUE,FALSE,FALSE,,FALSE,
448,04/29/2022,63,0,,,Chris,,TRUE,FALSE,FALSE,,FALSE,
449,05/04/2022,65,0,,,,,TRUE,FALSE,FALSE,,FALSE,
450,05/04/2022,66,0,,,,,TRUE,FALSE,FALSE,recent materiaql movement,FALSE,
451,05/04/2022,83,0,,,,,TRUE,FALSE,FALSE,,FALSE,
452,04/29/2022,85,0,,,Chris,,TRUE,FALSE,FALSE,,FALSE,
453,05/04/2022,87,0,,,,,TRUE,FALSE,FALSE,,FALSE,
454,04/29/2022,268,0,,,Chris,,TRUE,FALSE,FALSE,,FALSE,
455,04/29/2022,373,0,,,Chris,,TRUE,FALSE,FALSE,,FALSE,
456,04/29/2022,374,0,,,Chris,,TRUE,FALSE,FALSE,,FALSE,
457,04/29/2022,385,0,,,Calvin,,TRUE,FALSE,FALSE,,FALSE,
458,04/29/2022,386,0,,,Calvin,,TRUE,FALSE,FALSE,,FALSE,
459,04/29/2022,554,0,,,Chris,,FALSE,FALSE,FALSE,,FALSE,
460,05/04/2022,637,0,,,,,TRUE,FALSE,FALSE,,FALSE,5/2 qty=3779+3868 counted at 868_IQC
461,05/05/2022,86,0,,,Chris,,TRUE,FALSE,FALSE,,FALSE,
462,05/05/2022,324,0,,,,,TRUE,FALSE,FALSE,recent material movement,FALSE,
463,05/05/2022,8,0,,,,,TRUE,FALSE,FALSE,,FALSE,
464,05/05/2022,18,0,,,,,FALSE,FALSE,FALSE,,FALSE,
465,05/05/2022,20,0,,,,,FALSE,FALSE,FALSE,,FALSE,
466,05/05/2022,22,0,,,,,FALSE,FALSE,FALSE,,FALSE,
467,05/05/2022,29,0,,,,,TRUE,FALSE,FALSE,,FALSE,
468,05/05/2022,94,0,,,,,TRUE,FALSE,FALSE,,FALSE,
469,05/05/2022,204,0,,,,,TRUE,FALSE,FALSE,,FALSE,
470,05/05/2022,297,0,,,,,TRUE,FALSE,FALSE,,FALSE,
471,05/05/2022,318,0,,,,,TRUE,FALSE,FALSE,,FALSE,
472,05/05/2022,422,0,,,,,TRUE,FALSE,FALSE,,FALSE,
473,05/05/2022,423,0,,,,,FALSE,FALSE,FALSE,,FALSE,
474,05/05/2022,424,0,,,,,FALSE,FALSE,FALSE,,FALSE,
475,05/05/2022,425,0,,,,,FALSE,FALSE,FALSE,,FALSE,
476,05/05/2022,426,0,,,,,FALSE,FALSE,FALSE,,FALSE,
477,05/05/2022,654,0,,,,,FALSE,FALSE,FALSE,,FALSE,
478,04/29/2022,105,0,,,Calvin,,TRUE,FALSE,FALSE,verify prev cnt,FALSE,
479,04/29/2022,132,0,,,Calvin,,TRUE,FALSE,FALSE,verify prev cnt,FALSE,
480,04/29/2022,86,0,,,Calvin,,TRUE,FALSE,FALSE,verify prev cnt,FALSE,
481,05/04/2022,85,0,,,,,TRUE,FALSE,FALSE,recent material movement,FALSE,
482,05/03/2022,55,0,,,,c-ovr,TRUE,FALSE,FALSE,,FALSE,carryover
483,05/03/2022,96,0,,,,c-ovr,TRUE,FALSE,FALSE,,FALSE,carryover
484,05/03/2022,106,0,,,,c-ovr,TRUE,FALSE,FALSE,,FALSE,carryover
485,05/03/2022,114,0,,,,c-ovr,TRUE,FALSE,FALSE,,FALSE,carryover
486,05/03/2022,223,0,,,,c-ovr,TRUE,FALSE,FALSE,,FALSE,carryover
487,05/06/2022,96,0,,,,,FALSE,FALSE,FALSE,nd physical count,FALSE,physically count these
488,05/06/2022,106,0,,,,,TRUE,FALSE,FALSE,nd phys count,FALSE,physically count thse
489,05/06/2022,193,0,,,,,FALSE,FALSE,FALSE,nd physical count,FALSE,Do physical count
490,05/05/2022,385,0,,,,,TRUE,FALSE,FALSE,recent material movement,FALSE,
491,05/06/2022,131,0,,,,,TRUE,FALSE,FALSE,recent material movement,FALSE,
492,05/04/2022,224,0,,,Calvin,HOT!,TRUE,FALSE,FALSE,,FALSE,
493,05/04/2022,628,0,,,Calvin,HOT!,TRUE,FALSE,FALSE,,FALSE,
494,05/05/2022,117,0,,,Calvin,info,TRUE,FALSE,FALSE,in Ryan's list,FALSE,Should this be removed from Ryan's list?
495,05/05/2022,314,0,,,Calvin,info,TRUE,FALSE,FALSE,in Ryan's list,FALSE,Should this be removed from Ryan's list?
496,05/05/2022,333,0,,,Calvin,info,TRUE,FALSE,FALSE,in Ryan's list,FALSE,Should this be removed from Ryan's list?
497,05/05/2022,334,0,,,Calvin,info,TRUE,FALSE,FALSE,in Ryan's list,FALSE,Should this be removed from Ryan's list?
498,05/05/2022,104,0,,,Calvin2,vfy,TRUE,FALSE,FALSE,vfy,FALSE,
499,05/05/2022,105,0,,,Calvin2,vfy,TRUE,FALSE,FALSE,vfy,FALSE,
500,05/05/2022,132,0,,,Calvin2,vfy,TRUE,FALSE,FALSE,vfy,FALSE,do physical count
501,05/05/2022,201,0,,,Calvin2,vfy,TRUE,FALSE,FALSE,vfy,FALSE,
502,05/05/2022,24,0,,,Calvin2,,TRUE,FALSE,FALSE,,FALSE,"count 868_row0, too"
503,05/05/2022,66,0,,,Calvin2,vfy,TRUE,FALSE,FALSE,vfy,FALSE,do thorough search
504,05/05/2022,83,0,,,Calvin2,vfy,TRUE,FALSE,FALSE,vfy,FALSE,do thorough search
505,05/05/2022,637,0,,,Calvin2,vfy,TRUE,FALSE,FALSE,vfy,FALSE,"count everywhere - even 868_row0, 868_IQC"
506,05/06/2022,18,0,,,,c-ovr,TRUE,FALSE,FALSE,,FALSE,carryover
507,05/06/2022,20,0,,,,c-ovr,FALSE,FALSE,FALSE,,FALSE,carryover
508,05/06/2022,22,0,,,,c-ovr,TRUE,FALSE,FALSE,,FALSE,carryover
509,05/06/2022,423,0,,,,c-ovr,TRUE,FALSE,FALSE,,FALSE,carryover
510,05/06/2022,424,0,,,,c-ovr,FALSE,FALSE,FALSE,,FALSE,carryover
511,05/06/2022,425,0,,,,c-ovr,FALSE,FALSE,FALSE,,FALSE,carryover
512,05/06/2022,426,0,,,,c-ovr,TRUE,FALSE,FALSE,,FALSE,carryover
513,05/06/2022,654,0,,,,c-ovr,TRUE,FALSE,FALSE,,FALSE,carryover
514,05/09/2022,224,0,,,,HOT,FALSE,FALSE,FALSE,lots of incoming material,FALSE,"also check Prod, IQC"
515,05/06/2022,324,0,,,,,TRUE,FALSE,FALSE,lots of movement of this,FALSE,
516,05/09/2022,222,0,,,,HOT,FALSE,FALSE,FALSE,lots of incoming,FALSE,
517,05/06/2022,139,0,,,,,TRUE,FALSE,FALSE,movement of this part,FALSE,
518,05/06/2022,146,0,,,,,TRUE,FALSE,FALSE,movement of this part,FALSE,
519,05/10/2022,65,0,,,,,TRUE,FALSE,FALSE,open picks with this?,FALSE,
520,05/10/2022,85,0,,,,,TRUE,FALSE,FALSE,open picks with this?,FALSE,
521,05/06/2022,386,0,,,,,TRUE,FALSE,FALSE,,FALSE,
522,05/09/2022,106,0,,,Calvin,,TRUE,FALSE,FALSE,,FALSE,TAKE THEM OUT OF THE BOX AND COUNT THEM!!!
523,05/10/2022,324,0,,,,,TRUE,FALSE,FALSE,recent material movement,FALSE,delay counting this if still being picked for orders
524,05/09/2022,628,0,,,,,FALSE,FALSE,FALSE,,FALSE,
525,05/09/2022,346,0,,,,,TRUE,FALSE,FALSE,,FALSE,
526,05/09/2022,343,0,,,,,TRUE,FALSE,FALSE,,FALSE,
527,05/09/2022,223,0,,,,,TRUE,FALSE,FALSE,,FALSE,
528,05/09/2022,218,0,,,,,FALSE,FALSE,FALSE,,FALSE,
529,05/09/2022,192,0,,,,,TRUE,FALSE,FALSE,,FALSE,
530,05/09/2022,131,0,,,,,TRUE,FALSE,FALSE,,FALSE,
531,05/09/2022,120,0,,,,,FALSE,FALSE,FALSE,,FALSE,
532,05/09/2022,114,0,,,,,TRUE,FALSE,FALSE,,FALSE,
533,05/09/2022,111,0,,,,,TRUE,FALSE,FALSE,,FALSE,
534,05/09/2022,62,0,,,,,TRUE,FALSE,FALSE,,FALSE,
535,05/09/2022,61,0,,,,,TRUE,FALSE,FALSE,,FALSE,
536,05/09/2022,630,0,,,,,FALSE,FALSE,FALSE,,FALSE,
537,05/09/2022,184,0,,,,,TRUE,FALSE,FALSE,,FALSE,
538,05/09/2022,96,0,,,,,TRUE,FALSE,FALSE,,FALSE,
539,05/09/2022,93,0,,,,,TRUE,FALSE,FALSE,,FALSE,
540,05/09/2022,55,0,,,,,TRUE,FALSE,FALSE,,FALSE,
541,05/09/2022,419,0,,,,,TRUE,FALSE,FALSE,,FALSE,
542,05/09/2022,274,0,,,,,TRUE,FALSE,FALSE,,FALSE,
543,05/09/2022,271,0,,,,,TRUE,FALSE,FALSE,,FALSE,
544,05/09/2022,270,0,,,,,TRUE,FALSE,FALSE,,FALSE,
545,05/09/2022,263,0,,,,,TRUE,FALSE,FALSE,,FALSE,
546,05/09/2022,258,0,,,,,TRUE,FALSE,FALSE,,FALSE,
547,05/09/2022,226,0,,,,,TRUE,FALSE,FALSE,,FALSE,
548,05/09/2022,193,0,,,,,TRUE,FALSE,FALSE,,FALSE,
549,05/09/2022,156,0,,,,,TRUE,FALSE,FALSE,,FALSE,
550,05/09/2022,126,0,,,,,FALSE,FALSE,FALSE,,FALSE,
551,05/09/2022,56,0,,,,,TRUE,FALSE,FALSE,,FALSE,
552,05/09/2022,44,0,,,,,TRUE,FALSE,FALSE,,FALSE,
553,05/09/2022,125,0,,,,lo,FALSE,FALSE,FALSE,,FALSE,
554,05/11/2022,333,0,,,Calvin,,FALSE,FALSE,FALSE,,FALSE,Do not count. Move 2 at AST_1-1 to scrap plt @868
555,05/13/2022,184,0,,,,,TRUE,FALSE,FALSE,Nd to verify IMS tags,FALSE,Do physical count; open each box
556,05/10/2022,218,0,,,,c-ovr,TRUE,FALSE,FALSE,carryover,FALSE,check IQC!!!
557,05/10/2022,224,0,,,,c-ovr,TRUE,FALSE,FALSE,,FALSE,"also check Prod, IQC, carryover"
558,05/10/2022,222,0,,,,c-ovr,TRUE,FALSE,FALSE,,FALSE,carryover
559,05/10/2022,628,0,,,,c-ovr,TRUE,FALSE,FALSE,,FALSE,carryover
561,05/10/2022,120,0,,,,c-ovr,TRUE,FALSE,FALSE,,FALSE,carryover
562,05/10/2022,630,0,,,,c-ovr,TRUE,FALSE,FALSE,,FALSE,carryover
563,05/10/2022,126,0,,,,c-ovr,TRUE,FALSE,FALSE,,FALSE,carryover
564,05/10/2022,125,0,,,,c-ovr,TRUE,FALSE,FALSE,,FALSE,carryover
566,05/12/2022,242,0,,,,,FALSE,FALSE,FALSE,,FALSE,
567,05/12/2022,240,0,,,,,TRUE,FALSE,FALSE,,FALSE,
568,05/12/2022,254,0,,,,,TRUE,FALSE,FALSE,,FALSE,
569,05/12/2022,256,0,,,,,TRUE,FALSE,FALSE,,FALSE,
570,05/13/2022,247,0,,,,,TRUE,FALSE,FALSE,,FALSE,
571,05/12/2022,249,0,,,,,TRUE,FALSE,FALSE,,FALSE,
572,05/11/2022,182,0,,,Chris,,TRUE,FALSE,TRUE,inquiry,FALSE,SAP says we have 100 of these.  I need to know what this is and where it is
573,05/13/2022,352,0,,,,,TRUE,FALSE,TRUE,,FALSE,
574,05/11/2022,33,0,,,,,TRUE,FALSE,FALSE,New Material received,FALSE,Make sure you check IQC!!!
575,05/11/2022,66,1,"868, including IQC","f,p,h",Chris,,TRUE,FALSE,FALSE,New Incoming Material,FALSE,Make sure you check IQC!!
576,05/17/2022,135,0,,,Chris,,TRUE,FALSE,FALSE,Incoming Material,FALSE,Make sure you check IQC!!!  AST-B???
577,05/13/2022,229,0,,,,,TRUE,FALSE,FALSE,Incoming Material,FALSE,Make sure you check IQC?????
578,05/12/2022,244,0,,,,,TRUE,FALSE,FALSE,Imcoming Material,FALSE,Make sure you check IQC!!!
579,05/13/2022,261,0,,,,,TRUE,FALSE,FALSE,Imcoming Material,FALSE,Make sure you check IQC!!!
580,05/12/2022,280,0,,,,,TRUE,FALSE,FALSE,Imcoming Material,FALSE,Make sure you check IQC!!!!
581,05/12/2022,286,0,,,,,TRUE,FALSE,FALSE,Incoming Material,FALSE,Make sure you check IQC!!!
584,05/13/2022,630,0,,,,,TRUE,FALSE,FALSE,physical count needed,FALSE,Do physical count!!!
585,05/13/2022,120,0,,,,,TRUE,FALSE,FALSE,physical count needed,FALSE,Open the boxes and count them!!!
586,05/11/2022,62,0,,,,hot!,TRUE,FALSE,FALSE,,FALSE,
587,05/11/2022,192,0,,,,hot!,TRUE,FALSE,FALSE,,FALSE,
588,05/11/2022,131,0,,,,hot!,TRUE,FALSE,FALSE,,FALSE,no need to count per Ryan
589,05/11/2022,224,0,,,,hot!,TRUE,FALSE,FALSE,,FALSE,no need to count per Ryan
590,05/11/2022,628,0,,,,hot!,TRUE,FALSE,FALSE,,FALSE,
591,05/11/2022,218,0,,,,hot!,TRUE,FALSE,FALSE,,FALSE,
592,05/11/2022,222,0,,,,hot!,TRUE,FALSE,FALSE,,FALSE,
593,05/11/2022,630,0,,,,hot!,TRUE,FALSE,FALSE,,FALSE,
594,05/11/2022,66,2,everything except 868,8,,,TRUE,FALSE,FALSE,,FALSE,
595,05/11/2022,192,1,868 only,"f,p,h",,,TRUE,FALSE,FALSE,,FALSE,
596,05/13/2022,224,0,,,,,TRUE,FALSE,FALSE,incoming material,FALSE,
597,05/12/2022,192,0,,,Calvin,FIRST!! - vfy,TRUE,FALSE,FALSE,vfy,FALSE,search everywhere in 868
598,05/12/2022,222,0,,,Calvin,FIRST!! - vfy,TRUE,FALSE,FALSE,vfy,FALSE,Make sure every pallet counted at 868 is actually this Material
599,05/12/2022,333,0,,,Calvin,hot!,TRUE,FALSE,FALSE,,FALSE,Do not count. Move 2 at AST_1-1 to scrap plt @868
600,05/12/2022,33,0,,,Calvin,at 868,TRUE,FALSE,FALSE,move pallet,FALSE,move plt of 210 qty to main column
605,05/13/2022,235,0,,,,,TRUE,FALSE,TRUE,Incoming material,FALSE,
606,05/13/2022,237,0,,,,,TRUE,FALSE,TRUE,Incoming material,FALSE,
607,05/13/2022,62,0,,,,,TRUE,FALSE,TRUE,Material Movement,FALSE,
608,05/13/2022,98,0,,,,,TRUE,FALSE,FALSE,Material Movement,FALSE,
609,05/13/2022,149,0,,,,,TRUE,FALSE,FALSE,Material Movement,FALSE,
610,05/13/2022,152,0,,,,,TRUE,FALSE,FALSE,Material Movement,FALSE,
611,05/13/2022,251,0,,,,,TRUE,FALSE,FALSE,Material Movement,FALSE,
612,05/13/2022,280,0,,,,,TRUE,FALSE,FALSE,Material Movement,FALSE,
613,05/13/2022,311,0,,,,,TRUE,FALSE,FALSE,Material Movement,FALSE,
614,05/16/2022,61,0,,,,,TRUE,FALSE,FALSE,,FALSE,
615,05/16/2022,62,0,,,,,TRUE,FALSE,TRUE,,FALSE,
616,05/16/2022,111,0,,,,,TRUE,FALSE,FALSE,,FALSE,
617,05/16/2022,114,0,,,,,TRUE,FALSE,FALSE,,FALSE,
618,05/16/2022,120,0,,,,,TRUE,FALSE,FALSE,,FALSE,
619,05/16/2022,131,0,,,,,TRUE,FALSE,FALSE,,FALSE,
620,05/16/2022,192,0,,,,,TRUE,FALSE,FALSE,,FALSE,
621,05/16/2022,218,0,,,,,TRUE,FALSE,FALSE,,FALSE,
622,05/16/2022,222,0,,,,,TRUE,FALSE,FALSE,,FALSE,
623,05/16/2022,223,0,,,,,TRUE,FALSE,FALSE,,FALSE,
624,05/16/2022,224,0,,,,,TRUE,FALSE,FALSE,,FALSE,
625,05/16/2022,343,0,,,,,TRUE,FALSE,FALSE,,FALSE,
626,05/16/2022,346,0,,,,,TRUE,FALSE,FALSE,,FALSE,
627,05/16/2022,628,0,,,,,TRUE,FALSE,FALSE,,FALSE,
628,05/16/2022,55,0,,,,,TRUE,FALSE,FALSE,,FALSE,
629,05/16/2022,93,0,,,,,TRUE,FALSE,FALSE,,FALSE,
630,05/16/2022,96,0,,,,,TRUE,FALSE,FALSE,,FALSE,
631,05/16/2022,106,0,,,,,TRUE,FALSE,FALSE,,FALSE,
632,05/16/2022,184,0,,,,,TRUE,FALSE,FALSE,,FALSE,
633,05/16/2022,630,0,,,,,TRUE,FALSE,FALSE,,FALSE,
634,05/17/2022,44,0,,,,,TRUE,FALSE,FALSE,,FALSE,
635,05/17/2022,56,0,,,,,TRUE,FALSE,FALSE,,FALSE,
636,05/17/2022,126,0,,,,,TRUE,FALSE,FALSE,,FALSE,
637,05/17/2022,156,0,,,,,TRUE,FALSE,FALSE,,FALSE,
639,05/17/2022,193,0,,,,,TRUE,FALSE,FALSE,,FALSE,
640,05/17/2022,226,0,,,,,TRUE,FALSE,FALSE,,FALSE,
641,05/17/2022,258,0,,,,,FALSE,FALSE,FALSE,,FALSE,
642,05/17/2022,263,0,,,,,TRUE,FALSE,FALSE,,FALSE,
643,05/17/2022,270,0,,,,,TRUE,FALSE,FALSE,,FALSE,
644,05/17/2022,271,0,,,,,TRUE,FALSE,FALSE,,FALSE,
645,05/17/2022,274,0,,,,,TRUE,FALSE,FALSE,,FALSE,
646,05/17/2022,419,0,,,,,TRUE,FALSE,FALSE,,FALSE,
647,05/18/2022,85,0,,,,,FALSE,FALSE,FALSE,Incoming Material,FALSE,
648,05/13/2022,254,0,,,Chris,,TRUE,FALSE,FALSE,,FALSE,
649,05/18/2022,242,0,,,,,TRUE,FALSE,FALSE,,FALSE,
650,05/17/2022,251,0,,,Calvin,vfy,TRUE,FALSE,FALSE,vfy,FALSE,diligently search 868
651,05/17/2022,254,0,,,Calvin,vfy,TRUE,FALSE,FALSE,vfy,FALSE,"diligently search IQC, SMC, 868"
652,05/17/2022,149,0,,,Chris,vfy,TRUE,FALSE,FALSE,vfy,FALSE,"diligently search IQC, SMC, 868"
654,05/17/2022,93,0,,,Chris,,TRUE,FALSE,FALSE,"A-part, material movement",FALSE,Reschedule if still picking
655,05/17/2022,218,0,,,,,TRUE,FALSE,FALSE,"A-part, DIMMs separated",FALSE,
656,05/17/2022,184,0,,,Calvin,,TRUE,FALSE,FALSE,,FALSE,
657,05/17/2022,106,0,,,,,TRUE,FALSE,FALSE,"A-part, DIMMs separated",FALSE,
658,05/17/2022,223,0,,,Calvin,,TRUE,FALSE,FALSE,"A-part, DIMMs separated",FALSE,
659,05/17/2022,120,0,,,Calvin,vfy,TRUE,FALSE,FALSE,vfy,FALSE,
660,05/17/2022,222,0,,,Calvin,vfy,TRUE,FALSE,FALSE,vfy,FALSE,
661,05/17/2022,224,0,,,Calvin,vfy,TRUE,FALSE,FALSE,vfy,FALSE,
662,05/18/2022,63,0,,,,,TRUE,FALSE,FALSE,Material movement,FALSE,
663,05/18/2022,224,1,,,Nate/Ryan,,TRUE,FALSE,FALSE,vfy,FALSE,
664,05/18/2022,224,2,,,,,TRUE,FALSE,FALSE,vfy,FALSE,COORDINATE WITH NATE AND RYAN!!!  Do !!NOT!! count the same areas as them!!
665,05/18/2022,224,0,,,Nate,Hot,TRUE,FALSE,FALSE,,FALSE,
666,05/18/2022,222,0,,,Nate,Hot,FALSE,FALSE,FALSE,,FALSE,
667,05/18/2022,218,0,,,Chris,,TRUE,FALSE,FALSE,,FALSE,
668,05/18/2022,386,0,,,,,TRUE,FALSE,FALSE,,FALSE,
669,05/18/2022,637,0,,,,,TRUE,FALSE,FALSE,,FALSE,
670,05/18/2022,324,0,,,,,FALSE,FALSE,FALSE,,FALSE,
671,05/18/2022,22,0,,,,,TRUE,FALSE,FALSE,,FALSE,
672,05/18/2022,18,0,,,,,TRUE,FALSE,FALSE,,FALSE,
673,05/18/2022,654,0,,,,,FALSE,FALSE,FALSE,,FALSE,
674,05/18/2022,258,0,,,,c-ovr,TRUE,FALSE,FALSE,,FALSE,carryover
675,05/19/2022,318,0,,,,,FALSE,FALSE,FALSE,,FALSE,
676,05/19/2022,94,0,,,,,FALSE,FALSE,FALSE,,FALSE,
677,05/19/2022,424,0,,,,,FALSE,FALSE,FALSE,,FALSE,
678,05/19/2022,425,0,,,,,FALSE,FALSE,FALSE,,FALSE,
679,05/19/2022,426,0,,,,,TRUE,FALSE,FALSE,,FALSE,
680,05/19/2022,423,0,,,,,FALSE,FALSE,FALSE,,FALSE,
681,05/19/2022,422,0,,,,,FALSE,FALSE,FALSE,,FALSE,
682,05/19/2022,29,0,,,,,FALSE,FALSE,FALSE,,FALSE,
683,05/19/2022,22,0,,,,,TRUE,FALSE,FALSE,,FALSE,
684,05/19/2022,18,0,,,,,FALSE,FALSE,FALSE,,FALSE,
685,05/19/2022,297,0,,,,,FALSE,FALSE,FALSE,,FALSE,
686,05/19/2022,20,0,,,,,FALSE,FALSE,FALSE,,FALSE,
687,05/19/2022,6,0,,,,,FALSE,FALSE,FALSE,,FALSE,
688,05/19/2022,12,0,,,,,FALSE,FALSE,FALSE,,FALSE,
689,05/19/2022,2,0,,,,,FALSE,FALSE,FALSE,,FALSE,
690,05/19/2022,654,0,,,,,TRUE,FALSE,FALSE,,FALSE,
691,05/19/2022,326,0,,,,,FALSE,FALSE,FALSE,,FALSE,
692,05/19/2022,328,0,,,,,FALSE,FALSE,FALSE,,FALSE,
693,05/19/2022,85,0,,,,c-ovr,TRUE,FALSE,FALSE,,FALSE,carryover
694,05/19/2022,222,0,,,Nate,c-ovr,FALSE,FALSE,FALSE,,FALSE,carryover
695,05/19/2022,324,0,,,,c-ovr,TRUE,FALSE,FALSE,,FALSE,carryover
697,05/19/2022,224,0,,,Calvin,,TRUE,FALSE,FALSE,vfy,FALSE,
698,05/19/2022,63,0,,,Calvin,,TRUE,FALSE,FALSE,vfy,FALSE,
699,05/19/2022,386,0,,,Nate,,FALSE,FALSE,FALSE,vfy,FALSE,Please enter ALL counts in database or give to Calvin to enter! Thx!
700,05/19/2022,637,0,,,Nate,,FALSE,FALSE,FALSE,vfy,FALSE,Please enter ALL counts in database or give to Calvin to enter! Thx!
701,05/19/2022,242,0,,,Calvin,,TRUE,FALSE,FALSE,vfy,FALSE,
702,05/20/2022,324,0,,,Calvin,vfy,TRUE,FALSE,FALSE,vfy,FALSE,
703,05/23/2022,263,0,,,Calvin,info,TRUE,FALSE,FALSE,need info,FALSE,"COUNT, _AND_  Look at previous counts, SAP.  What happened to 160 between 4/11 and 4/21?  Kitting??"
704,05/20/2022,88,0,,,Calvin,,TRUE,FALSE,FALSE,Material recvd,FALSE,
705,05/20/2022,305,0,,,Calvin,,TRUE,FALSE,FALSE,last count 4/29,FALSE,
706,05/25/2022,206,0,,,,,TRUE,FALSE,FALSE,last count 4/29,FALSE,
707,05/20/2022,294,0,,,Calvin/Nate,,TRUE,FALSE,FALSE,last count 4/29,FALSE,
708,05/20/2022,563,0,,,,,TRUE,FALSE,FALSE,last count 4/29,FALSE,
709,05/20/2022,373,0,,,,,TRUE,FALSE,FALSE,last count 4/29,FALSE,
710,05/25/2022,85,0,,,,,TRUE,FALSE,FALSE,Material movement,FALSE,
711,05/20/2022,23,0,,,,,FALSE,FALSE,FALSE,last count 5/4,FALSE,
712,05/20/2022,24,0,,,,,TRUE,FALSE,FALSE,last count 5/5,FALSE,
713,05/20/2022,374,0,,,,,TRUE,FALSE,FALSE,mucho material movement and depletion since last count on 4/29,FALSE,
714,05/20/2022,385,0,,,,,TRUE,FALSE,FALSE,lots of material movement and depletion since last c ount on 5/5,FALSE,
715,05/20/2022,220,0,,,,,TRUE,FALSE,FALSE,Material movement and depletion since lastr count on 5/6,FALSE,
716,05/24/2022,141,0,,,,,TRUE,FALSE,FALSE,Last count was 4/19,FALSE,
717,05/24/2022,174,0,,,,,FALSE,FALSE,FALSE,last count was 5/6,FALSE,
718,05/20/2022,129,0,,,,,TRUE,FALSE,FALSE,last count was 5/6,FALSE,
719,05/20/2022,322,0,,,Calvin,,TRUE,FALSE,FALSE,last count 5/6; SAP discrepancy,FALSE,"check scrap pallet, IQC, etc"
720,05/20/2022,249,0,,,,,TRUE,FALSE,FALSE,vfy; last reasonable count 5/6,FALSE,COUNT CAREFULLY!!!!!
721,05/20/2022,232,0,,,,,TRUE,FALSE,FALSE,material movement and depletion since last count 5/6,FALSE,
722,05/20/2022,196,0,,,,,TRUE,FALSE,FALSE,last count 5/6,FALSE,"Check IQC, scrap pallet, ALL the hiding places!"
723,05/24/2022,261,0,,,Calvin,,TRUE,FALSE,FALSE,"classify part, verify count",FALSE,CHECK EVERYWHERE!!!!
724,05/24/2022,135,0,,,,,TRUE,FALSE,FALSE,,FALSE,
725,05/25/2022,242,0,,,,,TRUE,FALSE,FALSE,,FALSE,
726,05/20/2022,654,0,,,Nate,,FALSE,FALSE,FALSE,,FALSE,
727,05/23/2022,61,0,,,,,TRUE,FALSE,FALSE,,FALSE,
729,05/23/2022,111,0,,,,,TRUE,FALSE,FALSE,,FALSE,
730,05/23/2022,114,0,,,,,TRUE,FALSE,FALSE,,FALSE,
731,05/23/2022,120,0,,,,,TRUE,FALSE,FALSE,,FALSE,
732,05/23/2022,131,0,,,,,TRUE,FALSE,FALSE,,FALSE,
733,05/23/2022,192,0,,,,,TRUE,FALSE,FALSE,,FALSE,
734,05/23/2022,218,0,,,,,FALSE,FALSE,FALSE,,FALSE,
735,05/23/2022,222,0,,,,,TRUE,FALSE,FALSE,,FALSE,
736,05/23/2022,223,0,,,,,TRUE,FALSE,FALSE,,FALSE,
737,05/23/2022,224,0,,,,,TRUE,FALSE,FALSE,,FALSE,
738,05/23/2022,343,0,,,,,TRUE,FALSE,FALSE,,FALSE,
739,05/23/2022,346,0,,,,,TRUE,FALSE,FALSE,,FALSE,
740,05/23/2022,628,0,,,,,TRUE,FALSE,FALSE,,FALSE,
741,05/23/2022,55,0,,,,,TRUE,FALSE,FALSE,,FALSE,
742,05/23/2022,93,0,,,,,TRUE,FALSE,FALSE,,FALSE,
743,05/23/2022,96,0,,,,,TRUE,FALSE,FALSE,,FALSE,
744,05/23/2022,106,0,,,,,TRUE,FALSE,FALSE,,FALSE,
745,05/23/2022,184,0,,,,,TRUE,FALSE,FALSE,,FALSE,
746,05/23/2022,630,0,,,,,TRUE,FALSE,FALSE,,FALSE,
747,05/23/2022,44,0,,,,,TRUE,FALSE,FALSE,,FALSE,
748,05/23/2022,56,0,,,,,TRUE,FALSE,FALSE,,FALSE,
749,05/23/2022,126,0,,,,,TRUE,FALSE,FALSE,,FALSE,
750,05/23/2022,156,0,,,,,TRUE,FALSE,FALSE,,FALSE,
751,05/23/2022,193,0,,,,,TRUE,FALSE,FALSE,,FALSE,
752,05/23/2022,226,0,,,,,TRUE,FALSE,FALSE,,FALSE,
753,05/23/2022,258,0,,,,,TRUE,FALSE,FALSE,,FALSE,
755,05/23/2022,270,0,,,,,TRUE,FALSE,FALSE,,FALSE,
756,05/23/2022,271,0,,,,,TRUE,FALSE,FALSE,,FALSE,
757,05/23/2022,274,0,,,,,TRUE,FALSE,FALSE,,FALSE,
758,05/23/2022,419,0,,,,,TRUE,FALSE,FALSE,,FALSE,
759,05/23/2022,125,0,,,,,TRUE,FALSE,FALSE,,FALSE,
760,05/24/2022,24,0,,,Calvin,,TRUE,FALSE,FALSE,,FALSE,
761,05/25/2022,373,0,,,Calvin,,TRUE,FALSE,FALSE,,FALSE,
762,05/25/2022,374,0,,,Calvin,,TRUE,FALSE,FALSE,,FALSE,
763,05/25/2022,385,0,,,Calvin,,TRUE,FALSE,FALSE,,FALSE,
764,05/24/2022,88,0,,,Calvin,,TRUE,FALSE,FALSE,,FALSE,
765,05/24/2022,294,0,,,,,TRUE,FALSE,FALSE,,FALSE,
766,05/24/2022,563,0,,,,,FALSE,FALSE,FALSE,,FALSE,Count CAREFULLY!!!
767,05/24/2022,9,0,,,,,TRUE,FALSE,FALSE,,FALSE,
768,05/24/2022,21,0,,,,,TRUE,FALSE,FALSE,,FALSE,
769,05/25/2022,28,0,,,,,TRUE,FALSE,FALSE,,FALSE,
770,05/24/2022,33,0,,,,,TRUE,FALSE,FALSE,,FALSE,
771,05/24/2022,63,0,,,,,FALSE,FALSE,FALSE,,FALSE,
772,05/25/2022,66,0,,,,,TRUE,FALSE,FALSE,,FALSE,
773,05/24/2022,83,0,,,,,TRUE,FALSE,FALSE,,FALSE,
774,05/24/2022,192,0,,,,,TRUE,FALSE,FALSE,,FALSE,
775,05/25/2022,218,0,,,,,FALSE,FALSE,FALSE,,FALSE,
776,05/25/2022,222,0,,,,,TRUE,FALSE,FALSE,,FALSE,
777,05/25/2022,224,0,,,,,TRUE,FALSE,FALSE,,FALSE,
778,05/24/2022,268,0,,,,,TRUE,FALSE,FALSE,,FALSE,
779,05/25/2022,320,0,,,,,TRUE,FALSE,FALSE,,FALSE,
780,05/25/2022,324,0,,,,,FALSE,FALSE,FALSE,,FALSE,
781,05/25/2022,386,0,,,,,FALSE,FALSE,FALSE,,FALSE,
782,05/25/2022,554,0,,,,,FALSE,FALSE,FALSE,,FALSE,
783,05/25/2022,628,0,,,,,FALSE,FALSE,FALSE,,FALSE,
784,05/25/2022,637,0,,,,,FALSE,FALSE,FALSE,,FALSE,
785,05/23/2022,654,0,,,Chris,,TRUE,FALSE,FALSE,,FALSE,
786,05/23/2022,22,0,,,Chris,,TRUE,FALSE,FALSE,,FALSE,
787,05/23/2022,20,0,,,Chris,,TRUE,FALSE,FALSE,,FALSE,
788,05/23/2022,8,0,,,Chris,,TRUE,FALSE,FALSE,,FALSE,
789,05/23/2022,29,0,,,Chris2,,TRUE,FALSE,FALSE,,FALSE,
790,05/23/2022,94,0,,,Chris2,,TRUE,FALSE,FALSE,,FALSE,
791,05/23/2022,204,0,,,Chris2,,TRUE,FALSE,FALSE,,FALSE,
792,05/23/2022,297,0,,,Chris2,,TRUE,FALSE,FALSE,,FALSE,
793,05/23/2022,318,0,,,Chris2,,TRUE,FALSE,FALSE,,FALSE,
794,05/23/2022,422,0,,,Chris2,,TRUE,FALSE,FALSE,,FALSE,
795,05/23/2022,423,0,,,Chris3,,TRUE,FALSE,FALSE,,FALSE,
796,05/23/2022,424,0,,,Chris3,,TRUE,FALSE,FALSE,,FALSE,
797,05/23/2022,425,0,,,Chris3,,TRUE,FALSE,FALSE,,FALSE,
798,05/23/2022,426,0,,,Chris3,,TRUE,FALSE,FALSE,,FALSE,
799,05/23/2022,18,0,,,Chris3,,TRUE,FALSE,FALSE,,FALSE,
800,05/25/2022,120,0,,,,hot,TRUE,FALSE,FALSE,Imcoming material,FALSE,
801,05/24/2022,218,0,,,Calvin,,TRUE,FALSE,FALSE,,FALSE,Check IQC
802,06/01/2022,261,0,,,,,TRUE,FALSE,TRUE,,FALSE,Check IQC
803,05/26/2022,356,0,,,,,TRUE,FALSE,FALSE,,FALSE,Check IQC
804,05/26/2022,140,0,,,,,TRUE,FALSE,FALSE,,FALSE,Check IQC
805,05/26/2022,147,0,,,,,TRUE,FALSE,FALSE,,FALSE,Check IQC
807,05/27/2022,174,0,,,Calvin,,TRUE,FALSE,FALSE,,FALSE,Check IQC
808,05/26/2022,10,0,,,,,TRUE,FALSE,FALSE,,FALSE,Check IQC
810,05/26/2022,63,0,,,,,TRUE,FALSE,FALSE,,FALSE,Check IQC
811,05/26/2022,6,0,,,,,TRUE,FALSE,FALSE,,FALSE,Check IQC
813,05/26/2022,16,0,,,,,TRUE,FALSE,FALSE,,FALSE,Check IQC
814,05/26/2022,104,0,,,,,TRUE,FALSE,FALSE,,FALSE,Check IQC
815,05/26/2022,315,0,,,,,TRUE,FALSE,FALSE,,FALSE,Check IQC
816,05/26/2022,273,0,,,,,TRUE,FALSE,FALSE,,FALSE,Check IQC
818,05/26/2022,467,0,,,,,TRUE,FALSE,FALSE,,FALSE,Check IQC first!
819,05/26/2022,263,0,,,,,TRUE,FALSE,FALSE,"reconcile SAP, physical",FALSE,"Check with Nate, correct overship to match SAP"
820,05/26/2022,297,0,,,,,TRUE,FALSE,FALSE,,FALSE,Check IQC
821,05/26/2022,554,0,,,,,TRUE,FALSE,FALSE,,FALSE,Check IQC
822,05/24/2022,96,0,,,Calvin,,TRUE,FALSE,FALSE,new material,FALSE,new material
823,06/01/2022,238,0,,,,,TRUE,FALSE,FALSE,incoming material,FALSE,check EVERRYWHERE!!!
824,05/25/2022,563,0,,,Chris,,TRUE,FALSE,FALSE,,FALSE,
825,05/25/2022,235,0,,,Calvin,H O T !!!!!,TRUE,FALSE,FALSE,new mtl from L6,FALSE,report new plt from L6 on its own
826,05/25/2022,237,0,,,Calvin,H O T !!!!!,TRUE,FALSE,FALSE,new mtl from L6,FALSE,report new plt from L6 on its own
827,05/26/2022,272,0,,,Calvin,,TRUE,FALSE,FALSE,incoming matl,FALSE,assign part type
828,05/26/2022,678,0,,,Calvin,,TRUE,FALSE,FALSE,imcoming matl,FALSE,assign part type
829,05/26/2022,679,0,,,Calvin,,TRUE,FALSE,FALSE,incoming material,FALSE,assign part type
830,05/27/2022,87,0,,,Calvin,,TRUE,FALSE,FALSE,,FALSE,
831,05/27/2022,194,0,,,Calvin,,TRUE,FALSE,FALSE,,FALSE,
832,05/27/2022,229,0,,,Calvin,,TRUE,FALSE,FALSE,,FALSE,
833,05/27/2022,266,0,,,Calvin,,TRUE,FALSE,FALSE,,FALSE,
834,05/27/2022,430,0,,,Calvin,,TRUE,FALSE,TRUE,,FALSE,
835,05/27/2022,12,0,,,Calvin,,TRUE,FALSE,FALSE,,FALSE,
836,05/27/2022,20,0,,,Calvin,,TRUE,FALSE,FALSE,,FALSE,
837,05/31/2022,184,0,,,Calvin,,TRUE,FALSE,FALSE,,FALSE,
838,05/27/2022,234,0,,,Calvin,,TRUE,FALSE,FALSE,,FALSE,
839,06/02/2022,318,0,,,Calvin,,TRUE,FALSE,FALSE,,FALSE,
840,05/27/2022,466,0,,,Calvin,,TRUE,FALSE,FALSE,Incoming mtl,FALSE,Check IQC
841,05/31/2022,218,0,,,Calvin,,TRUE,FALSE,FALSE,,FALSE,
842,05/31/2022,156,0,,,Calvin,,TRUE,FALSE,FALSE,,FALSE,
843,05/31/2022,166,0,,,Calvin,,TRUE,FALSE,FALSE,,FALSE,
844,05/31/2022,44,0,,,Calvin,,TRUE,FALSE,FALSE,,FALSE,
845,05/31/2022,274,0,,,Calvin,,FALSE,FALSE,FALSE,,FALSE,
846,05/31/2022,271,0,,,Calvin,,FALSE,FALSE,FALSE,,FALSE,
847,05/31/2022,270,0,,,Calvin,,FALSE,FALSE,FALSE,,FALSE,
848,05/31/2022,226,0,,,Calvin,,FALSE,FALSE,FALSE,,FALSE,
849,05/31/2022,258,0,,,Calvin,,FALSE,FALSE,FALSE,,FALSE,
850,05/31/2022,263,0,,,Calvin,,FALSE,FALSE,FALSE,,FALSE,
851,05/31/2022,126,0,,,Calvin,,TRUE,FALSE,FALSE,,FALSE,
852,05/31/2022,266,0,,,Calvin,,FALSE,FALSE,FALSE,,FALSE,
853,05/31/2022,61,0,,,Calvin,,TRUE,FALSE,FALSE,,FALSE,
854,05/31/2022,62,0,,,Calvin,,TRUE,FALSE,TRUE,,FALSE,
855,05/31/2022,111,0,,,Calvin,,TRUE,FALSE,FALSE,,FALSE,
856,05/31/2022,114,0,,,Calvin,,TRUE,FALSE,FALSE,,FALSE,
857,05/31/2022,120,0,,,Calvin,,TRUE,FALSE,FALSE,,FALSE,
858,05/31/2022,131,0,,,Calvin,,TRUE,FALSE,FALSE,,FALSE,
859,05/31/2022,192,0,,,Calvin,,TRUE,FALSE,FALSE,,FALSE,
860,05/31/2022,222,0,,,Calvin,,TRUE,FALSE,FALSE,,FALSE,
861,05/31/2022,223,0,,,Calvin,,TRUE,FALSE,FALSE,,FALSE,
862,05/31/2022,224,0,,,Calvin,,TRUE,FALSE,FALSE,,FALSE,
863,05/31/2022,343,0,,,Calvin,,TRUE,FALSE,FALSE,,FALSE,
864,05/31/2022,628,0,,,Calvin,,TRUE,FALSE,FALSE,,FALSE,
865,05/31/2022,346,0,,,Calvin,,FALSE,FALSE,FALSE,,FALSE,
866,05/31/2022,125,0,,,Calvin,,TRUE,FALSE,FALSE,,FALSE,
867,05/31/2022,164,0,,,Calvin,,TRUE,FALSE,FALSE,,FALSE,
868,05/31/2022,55,0,,,Calvin,,TRUE,FALSE,FALSE,,FALSE,
869,05/31/2022,630,0,,,Calvin,,TRUE,FALSE,FALSE,,FALSE,
870,05/31/2022,93,0,,,Calvin,,TRUE,FALSE,FALSE,,FALSE,
871,05/31/2022,96,0,,,Calvin,,TRUE,FALSE,FALSE,,FALSE,
872,05/31/2022,106,0,,,Calvin,,TRUE,FALSE,FALSE,,FALSE,
873,05/31/2022,56,0,,,Calvin,,TRUE,FALSE,FALSE,,FALSE,
874,05/31/2022,419,0,,,Calvin,,FALSE,FALSE,FALSE,,FALSE,
875,05/31/2022,193,0,,,Calvin,,TRUE,FALSE,FALSE,,FALSE,
876,05/31/2022,679,0,,,Calvin,,FALSE,FALSE,FALSE,,FALSE,
877,05/31/2022,272,0,,,Calvin,,FALSE,FALSE,FALSE,,FALSE,
878,05/31/2022,678,0,,,Calvin,,FALSE,FALSE,FALSE,,FALSE,
879,05/31/2022,66,0,,,Nate,,FALSE,FALSE,FALSE,,FALSE,
880,05/31/2022,33,0,,,,,FALSE,FALSE,FALSE,,FALSE,
881,05/31/2022,65,0,,,,,FALSE,FALSE,FALSE,,FALSE,
882,05/31/2022,85,0,,,,,FALSE,FALSE,FALSE,,FALSE,
883,05/31/2022,9,0,,,Nate,,FALSE,FALSE,FALSE,,FALSE,
884,06/01/2022,286,0,,,Calvin,,TRUE,FALSE,FALSE,last count 5/12,FALSE,
913,06/02/2022,386,0,,,Calvin,,TRUE,FALSE,FALSE,,FALSE,
914,06/02/2022,87,0,,,Calvin,,TRUE,FALSE,FALSE,,FALSE,
915,06/02/2022,373,0,,,Calvin,,TRUE,FALSE,FALSE,,FALSE,
916,06/02/2022,374,0,,,Calvin,,TRUE,FALSE,FALSE,,FALSE,
917,06/02/2022,85,0,,,Calvin,,TRUE,FALSE,FALSE,incoming matl,FALSE,
918,06/02/2022,65,0,,,Calvin,,TRUE,FALSE,FALSE,incoming mtl,FALSE,
919,06/02/2022,66,0,,,,,TRUE,FALSE,FALSE,incoming mtl,FALSE,
920,06/02/2022,258,0,,,Calvin,,TRUE,FALSE,FALSE,,FALSE,
1062,06/08/2022,192,0,,,Calvin,,TRUE,FALSE,FALSE,,FALSE,
1063,06/08/2022,224,0,,,Calvin,,TRUE,FALSE,FALSE,,FALSE,
1064,06/08/2022,628,0,,,Calvin,,TRUE,FALSE,FALSE,,FALSE,
1065,06/08/2022,222,0,,,Calvin,,TRUE,FALSE,FALSE,,FALSE,
1066,06/10/2022,637,0,,,,,FALSE,FALSE,FALSE,,FALSE,
1067,06/09/2022,343,0,,,,,TRUE,FALSE,FALSE,,FALSE,
1068,06/09/2022,346,0,,,,,TRUE,FALSE,FALSE,,FALSE,
1069,06/10/2022,554,0,,,,,FALSE,FALSE,FALSE,,FALSE,
1070,06/09/2022,201,0,,,Calvin,,TRUE,FALSE,FALSE,IMS Reconciliation,FALSE,Scan ALL tags as well as Count
1071,06/10/2022,85,0,,,Calvin,,FALSE,FALSE,FALSE,IMS Reconciliation,FALSE,Scan ALL tags as well as Count
1072,06/14/2022,86,0,,,,,TRUE,FALSE,FALSE,verify,FALSE,
1073,06/14/2022,146,0,,,,,TRUE,FALSE,FALSE,verify,FALSE,
1074,06/14/2022,192,0,,,,hot,TRUE,FALSE,FALSE,verify,FALSE,
1075,06/14/2022,218,0,,,,,TRUE,FALSE,FALSE,verify,FALSE,
1076,06/14/2022,229,0,,,,,TRUE,FALSE,FALSE,verify,FALSE,check IQC!!!
1077,06/14/2022,266,0,,,,,TRUE,FALSE,FALSE,verify,FALSE,
1078,06/14/2022,273,0,,,,,TRUE,FALSE,FALSE,verify,FALSE,Check IQC!!!
1079,06/14/2022,279,0,,,,,TRUE,FALSE,FALSE,verify,FALSE,Check IQC!!
1080,06/14/2022,315,0,,,,,TRUE,FALSE,FALSE,verify,FALSE,Check IQC!!
1081,06/14/2022,356,0,,,,,TRUE,FALSE,FALSE,verify,FALSE,Check IQC!!
1082,06/14/2022,466,0,,,,,TRUE,FALSE,FALSE,,FALSE,Check IQC
1083,06/14/2022,628,0,,,,hot,TRUE,FALSE,FALSE,verify,FALSE,
1084,06/14/2022,55,0,,,,,TRUE,FALSE,FALSE,,FALSE,
1085,06/14/2022,222,0,,,,hot,TRUE,FALSE,FALSE,,FALSE,
1086,06/14/2022,125,0,,,,hot,TRUE,FALSE,FALSE,,FALSE,look beyond HVC!!   FIND 3 MORE!!
1087,06/15/2022,169,0,,,,,TRUE,FALSE,FALSE,,FALSE,
1088,06/15/2022,325,0,,,,,TRUE,FALSE,FALSE,,FALSE,
1089,06/15/2022,554,0,,,,,TRUE,FALSE,FALSE,,FALSE,
1095,06/15/2022,23,0,,,Wave 2,???,TRUE,FALSE,FALSE,Material Movement,FALSE,
1096,06/17/2022,24,0,,,,,TRUE,FALSE,FALSE,Material Movement,FALSE,
1097,06/17/2022,28,0,,,,,TRUE,FALSE,FALSE,Material Movement,FALSE,
1099,06/15/2022,192,0,,,Wave 2,,TRUE,FALSE,FALSE,Material Movement,FALSE,
1100,06/15/2022,193,0,,,Wave 2,,TRUE,FALSE,FALSE,Material Movement,FALSE,
1101,06/17/2022,196,0,,,,,TRUE,FALSE,FALSE,Material Movement,FALSE,
1102,06/15/2022,218,0,,,Wave 2,,TRUE,FALSE,FALSE,Material Movement,FALSE,
1103,06/17/2022,222,0,,,,,TRUE,FALSE,FALSE,Material Movement,FALSE,
1104,06/17/2022,224,0,,,,,TRUE,FALSE,FALSE,Material Movement,FALSE,
1105,06/17/2022,227,0,,,,,TRUE,FALSE,FALSE,Material Movement,FALSE,
1106,06/17/2022,232,0,,,,,TRUE,FALSE,FALSE,Material Movement,FALSE,
1107,06/17/2022,235,0,,,,,TRUE,FALSE,FALSE,Material Movement,FALSE,
1108,06/17/2022,238,0,,,,,TRUE,FALSE,FALSE,Material Movement,FALSE,
1113,06/17/2022,280,0,,,,,TRUE,FALSE,FALSE,Material Movement,FALSE,
1115,06/17/2022,311,0,,,,,TRUE,FALSE,FALSE,Material Movement,FALSE,
1118,06/17/2022,324,0,,,,,TRUE,FALSE,FALSE,Material Movement,FALSE,
1119,06/17/2022,335,0,,,,,TRUE,FALSE,FALSE,Material Movement,FALSE,
1121,06/17/2022,33,0,,,,,TRUE,FALSE,FALSE,Material Movement,FALSE,
1123,06/17/2022,65,0,,,,,TRUE,FALSE,FALSE,Material Movement,FALSE,
1124,06/17/2022,83,0,,,,,TRUE,FALSE,FALSE,Material Movement,FALSE,
1125,06/17/2022,85,0,,,,,TRUE,FALSE,FALSE,Material Movement,FALSE,
1126,06/17/2022,87,0,,,,,TRUE,FALSE,FALSE,Material Movement,FALSE,
1128,06/17/2022,104,0,,,,,TRUE,FALSE,FALSE,Material Movement,FALSE,
1129,06/15/2022,114,0,,,Wave 2,,TRUE,FALSE,TRUE,Material Movement,FALSE,
1130,06/17/2022,133,0,,,,,TRUE,FALSE,FALSE,Material Movement,FALSE,
1131,06/17/2022,135,0,,,,,TRUE,FALSE,FALSE,Material Movement,FALSE,
1134,06/17/2022,149,0,,,,,TRUE,FALSE,FALSE,Material Movement,FALSE,
1135,06/17/2022,172,0,,,,,TRUE,FALSE,FALSE,Material Movement,FALSE,
1136,06/17/2022,373,0,,,,,TRUE,FALSE,FALSE,Material Movement,FALSE,
1137,06/17/2022,374,0,,,,,TRUE,FALSE,FALSE,Material Movement,FALSE,
1138,06/17/2022,385,0,,,,,TRUE,FALSE,FALSE,Material Movement,FALSE,
1139,06/17/2022,446,0,,,,,TRUE,FALSE,FALSE,Material Movement,FALSE,
1141,06/15/2022,628,0,,,Wave 2,,TRUE,FALSE,FALSE,Material Movement,FALSE,
1143,06/15/2022,224,0,,,Calvin,hot,TRUE,FALSE,FALSE,,FALSE,DO NOT COUNT 868_row0
1144,06/17/2022,193,0,,,Wave 2,vfy,TRUE,FALSE,FALSE,recount,FALSE,"Check IQC, HVC_AST_CAGE, HVC_AST_CONshelf2, Prod, HVC_AST_3"
1145,06/17/2022,479,0,,,Wave 2,vfy,TRUE,FALSE,FALSE,Recount. Last ct 700 short,FALSE,"Get locs from IMS, check EVERYWHERE."
1146,06/21/2022,120,0,,,,,TRUE,FALSE,FALSE,Material Movement,FALSE,
1148,06/15/2022,134,0,,,,,FALSE,FALSE,FALSE,,FALSE,
1149,06/21/2022,193,0,,,,,TRUE,FALSE,FALSE,Material Movement,FALSE,
1150,06/21/2022,222,0,,,,,TRUE,FALSE,FALSE,Material Movement,FALSE,
1151,06/24/2022,286,0,,,,,FALSE,FALSE,FALSE,Material Movement,FALSE,
1152,06/23/2022,424,0,,,,,TRUE,FALSE,FALSE,Material Movement,FALSE,
1153,06/24/2022,554,0,,,,,FALSE,FALSE,FALSE,Material Movement,FALSE,
1154,06/22/2022,654,0,,,,,TRUE,FALSE,FALSE,Material Movement,FALSE,
1155,06/23/2022,133,0,,,,,FALSE,FALSE,FALSE,Material Movement,FALSE,
1156,06/21/2022,224,0,,,,,TRUE,FALSE,FALSE,Material Received,FALSE,
1157,06/21/2022,192,0,,,,,TRUE,FALSE,FALSE,Picked for Orders,FALSE,
1158,06/22/2022,33,0,,,,,TRUE,FALSE,FALSE,Picked for Orders,FALSE,
1159,06/22/2022,83,0,,,,,TRUE,FALSE,FALSE,Picked for Orders,FALSE,
1160,06/22/2022,23,0,,,,,TRUE,FALSE,FALSE,Picked for Orders,FALSE,
1161,06/22/2022,85,0,,,,,TRUE,FALSE,FALSE,Picked for Orders,FALSE,
1162,06/22/2022,9,0,,,,,TRUE,FALSE,FALSE,Picked for Orders,FALSE,
1163,06/22/2022,21,0,,,,,TRUE,FALSE,FALSE,Picked for Orders,FALSE,
1164,06/21/2022,628,0,,,,,TRUE,FALSE,FALSE,Picked for Orders,FALSE,
1165,06/21/2022,637,0,,,,,TRUE,FALSE,FALSE,Material Movement,FALSE,
1166,06/21/2022,268,0,,,,,TRUE,FALSE,FALSE,"Picked for Orders, Material Movement",FALSE,
1167,06/22/2022,28,0,,,,,TRUE,FALSE,FALSE,Verify Prev Count,FALSE,
1168,06/24/2022,172,0,,,,,FALSE,FALSE,FALSE,Verify Prev Count,FALSE,
1169,06/21/2022,235,0,,,,,TRUE,FALSE,FALSE,Verify Prev Count,FALSE,Look diligently. Last count missed over 7000!!
1170,06/22/2022,120,0,,,,,TRUE,FALSE,FALSE,Material Received,FALSE,
1171,06/22/2022,222,0,,,,,TRUE,FALSE,FALSE,Material Movement,FALSE,
1172,06/24/2022,235,0,,,,,FALSE,FALSE,FALSE,Last count 77 short,FALSE,
1173,06/24/2022,268,0,,,,,FALSE,FALSE,FALSE,Last count 33 short,FALSE,
1174,06/24/2022,628,0,,,,,FALSE,FALSE,FALSE,Last count 1 short,FALSE,
1175,06/23/2022,63,0,,,,,FALSE,FALSE,FALSE,Picked for Orders,FALSE,
1176,06/23/2022,65,0,,,,,FALSE,FALSE,FALSE,Picked for Orders,FALSE,
1177,06/23/2022,140,0,,,,,FALSE,FALSE,FALSE,Picked for Orders,FALSE,
1179,06/23/2022,147,0,,,,,FALSE,FALSE,FALSE,Material Received,FALSE,
1180,06/24/2022,192,0,,,,,FALSE,FALSE,FALSE,Material Received,FALSE,
1181,06/22/2022,218,0,,,,,TRUE,FALSE,FALSE,Picked for Orders,FALSE,
1182,06/24/2022,227,0,,,,,FALSE,FALSE,FALSE,Material Received,FALSE,
1183,06/23/2022,238,0,,,,,FALSE,FALSE,FALSE,Material Movement,FALSE,
1184,06/23/2022,254,0,,,,,FALSE,FALSE,FALSE,Material Movement,FALSE,
1185,06/23/2022,256,0,,,,,FALSE,FALSE,FALSE,Material Movement,FALSE,
1186,06/24/2022,318,0,,,,,FALSE,FALSE,FALSE,Received Material,FALSE,
1187,06/23/2022,356,0,,,,,FALSE,FALSE,FALSE,Material Movement,FALSE,
1188,06/22/2022,374,0,,,,,TRUE,FALSE,FALSE,Material Movement,FALSE,
1189,06/23/2022,278,0,,,,,FALSE,FALSE,FALSE,Material Movement,FALSE,What part type is this???
1190,06/24/2022,424,0,,,,,FALSE,FALSE,FALSE,Received Material,FALSE,
1191,06/23/2022,425,0,,,,,TRUE,FALSE,FALSE,Received Material,FALSE,
1192,06/22/2022,431,0,,,,,TRUE,FALSE,TRUE,Picked for Orders,FALSE,
1193,06/24/2022,467,0,,,,,FALSE,FALSE,FALSE,Material Movement,FALSE,What part type is this??
1194,06/24/2022,489,0,,,,,FALSE,FALSE,FALSE,Material Movement,FALSE,What part type is this?
1195,06/24/2022,550,0,,,,,FALSE,FALSE,FALSE,Material Movement,FALSE,"This is L-10, right?"
1196,06/24/2022,637,0,,,,,FALSE,FALSE,FALSE,Material Movement,FALSE,
1197,06/30/2022,6,0,,,,,TRUE,FALSE,FALSE,Material Movement,FALSE,
1198,06/28/2022,9,0,,,,,TRUE,FALSE,FALSE,Picked for Orders,FALSE,
1199,06/30/2022,12,0,,,,,TRUE,FALSE,FALSE,Material Movement,FALSE,
1200,06/29/2022,20,0,,,,,TRUE,FALSE,FALSE,Picked for Orders,FALSE,
1201,06/28/2022,22,0,,,,,TRUE,FALSE,FALSE,Picked for Orders,FALSE,
1202,06/24/2022,24,0,,,,,FALSE,FALSE,FALSE,Received Material,FALSE,
1203,06/27/2022,96,0,,,,,TRUE,FALSE,FALSE,"A-part, Mtl rcvd",FALSE,
1204,06/28/2022,105,0,,,,,TRUE,FALSE,FALSE,Material Movement,FALSE,
1205,06/27/2022,120,0,,,,,TRUE,FALSE,FALSE,"Received Material, A-part",FALSE,
1206,06/24/2022,129,0,,,,,FALSE,FALSE,FALSE,Material Movement,FALSE,
1207,06/28/2022,133,0,,,,,TRUE,FALSE,FALSE,Material Movement,FALSE,
1208,06/29/2022,142,0,,,,,FALSE,FALSE,FALSE,Received Material,FALSE,"What Part Type is this, really?  AST-B??"
1209,06/29/2022,147,0,,,,,FALSE,FALSE,FALSE,Received Material,FALSE,
1210,06/29/2022,149,0,,,,,FALSE,FALSE,FALSE,Material Movement,FALSE,
1211,06/27/2022,192,0,,,,,TRUE,FALSE,FALSE,"Material Movement, A-part",FALSE,
1212,06/28/2022,224,0,,,,,TRUE,FALSE,FALSE,"A-part, matl rcvd",FALSE,
1213,06/30/2022,227,0,,,,,TRUE,FALSE,FALSE,Received Material,FALSE,
1214,06/29/2022,232,0,,,,,FALSE,FALSE,FALSE,Received Material,FALSE,
1215,06/30/2022,549,0,,,,,TRUE,FALSE,FALSE,Material Movement,FALSE,
1216,06/28/2022,242,0,,,,,TRUE,FALSE,FALSE,Received Material,FALSE,
1217,06/28/2022,247,0,,,,,TRUE,FALSE,FALSE,Received Material,FALSE,
1218,06/29/2022,280,0,,,,,FALSE,FALSE,FALSE,Received Material,FALSE,
1219,06/28/2022,287,0,,,,,TRUE,FALSE,FALSE,Received Material,FALSE,AST-B??
1220,06/29/2022,317,0,,,,,FALSE,FALSE,FALSE,Received Material,FALSE,AST-B??
1221,06/24/2022,684,0,,,,,FALSE,FALSE,FALSE,Received Material,FALSE,BRAND NEW PART - Get ALL Info!!!
1222,06/24/2022,685,0,,,,,FALSE,FALSE,FALSE,Received Material,FALSE,BRAND NEW PART - Get ALL Info!!
1223,06/28/2022,490,0,,,,,TRUE,FALSE,FALSE,Received Material,FALSE,AST-B??
1224,06/27/2022,270,0,,,,SAP hunt,TRUE,FALSE,FALSE,SAP/phys discrep,FALSE,SAP Qty=26
1225,06/27/2022,271,0,,,,SAP compare,TRUE,FALSE,FALSE,SAP/phys comparison,FALSE,SAP Qty=107
1226,06/27/2022,226,0,,,,SAP,TRUE,FALSE,FALSE,SAP/phys comp,FALSE,SAP Qty=15
1227,06/27/2022,44,0,,,,SAP,TRUE,FALSE,FALSE,SAP/Phys comparison,FALSE,SAP Qty=28
1228,06/27/2022,263,0,,,,SAP,TRUE,FALSE,FALSE,SAP/phys comparison,FALSE,SAP Qty=220
1229,06/27/2022,126,0,,,,SAP,TRUE,FALSE,FALSE,SAP/phys comp,FALSE,SAP Qty=28
1230,06/27/2022,222,0,,,,,TRUE,FALSE,FALSE,,FALSE,
1231,06/28/2022,126,0,,,,,TRUE,FALSE,FALSE,SAP/phys reconc,FALSE,"GBRW/C=28, GBRK=25"
1232,06/28/2022,226,0,,,,,TRUE,FALSE,FALSE,SAP/phys comp,FALSE,"GBRW/C=15, GBRD=12, GBRK=(20+36)"
1233,06/28/2022,270,0,,,,,TRUE,FALSE,FALSE,SAP phys comp,FALSE,"GBRW/C=26, GBRK=214"
1234,06/28/2022,271,0,,,,,TRUE,FALSE,FALSE,SAP comp,FALSE,"GBRC=3, GBRD=104, GBRK=373"
1235,06/30/2022,24,0,,,,,TRUE,FALSE,FALSE,"Received Material, Picked Orders",FALSE,
1236,06/30/2022,129,0,,,,,TRUE,FALSE,FALSE,Material Movement,FALSE,
1237,06/29/2022,172,0,,,,,FALSE,FALSE,FALSE,,FALSE,
1238,06/29/2022,235,0,,,,,FALSE,FALSE,FALSE,Last count 77 short,FALSE,
1239,06/29/2022,268,0,,,,,FALSE,FALSE,FALSE,Picked for Orders,FALSE,Physically count!
1240,06/30/2022,286,0,,,,,TRUE,FALSE,FALSE,Material Movement,FALSE,
1243,06/28/2022,467,0,,,,,TRUE,FALSE,FALSE,Material Movement,FALSE,What part type is this???
1244,06/29/2022,684,0,,,,,FALSE,FALSE,FALSE,Received Material,FALSE,What part type is this???
1245,06/29/2022,685,0,,,,,FALSE,FALSE,FALSE,Received Material,FALSE,What part type is this???
1246,06/30/2022,489,0,,,,,TRUE,FALSE,FALSE,Material Movement,FALSE,What part type is this???
1248,06/30/2022,554,0,,,,,TRUE,FALSE,FALSE,Picked for Orders,FALSE,
1249,06/30/2022,637,0,,,,,TRUE,FALSE,FALSE,Picked for Orders,FALSE,
1251,06/30/2022,83,0,,,,,TRUE,FALSE,FALSE,"Received Material, Picked for orders",FALSE,
1252,06/29/2022,87,0,,,,,FALSE,FALSE,FALSE,Received Material,FALSE,
1254,06/29/2022,254,0,,,,,FALSE,FALSE,FALSE,Material Movement,FALSE,
1256,06/30/2022,28,0,,,,,TRUE,FALSE,FALSE,Picked for Orders,FALSE,
1258,06/29/2022,21,0,,,,,FALSE,FALSE,FALSE,Picked for Orders,FALSE,
1260,06/29/2022,63,0,,,,,TRUE,FALSE,FALSE,Picked for Orders,FALSE,
1261,06/30/2022,218,0,,,,,TRUE,FALSE,FALSE,Picked for Orders,FALSE,
1266,06/30/2022,21,0,,,,c-ovr,TRUE,FALSE,FALSE,Picked for Orders,FALSE,
1267,06/30/2022,87,0,,,,c-ovr,TRUE,FALSE,FALSE,Received Material,FALSE,
1268,06/30/2022,142,0,868 only,"I,s,h",,c-ovr,TRUE,FALSE,FALSE,Received Material,FALSE,copy SMS count from 6/29
1269,06/30/2022,147,0,868 only,"s,I,h",,c-ovr,TRUE,FALSE,FALSE,Received Material,FALSE,copy SMC counts from 6/29
1271,06/30/2022,172,0,,,,c-ovr,TRUE,FALSE,FALSE,,FALSE,
1272,06/30/2022,232,0,,,,c-ovr,TRUE,FALSE,FALSE,,FALSE,
1273,06/30/2022,235,0,,,,c-ovr,TRUE,FALSE,FALSE,,FALSE,
1274,06/30/2022,254,0,868 only,"I,h,s",,c-ovr,TRUE,FALSE,FALSE,Material Movement,FALSE,copy SMC count from 6/29
1276,06/30/2022,280,0,,,,vfy,TRUE,FALSE,FALSE,Verify Prev Count,FALSE,check IQC
1277,06/30/2022,317,0,,,,,TRUE,FALSE,FALSE,Received Material,FALSE,AST-B???
1278,06/30/2022,684,0,,,,,TRUE,FALSE,FALSE,Received Material,FALSE,What part type is this???
1279,06/30/2022,685,0,,,,,TRUE,FALSE,FALSE,Received Material,FALSE,What part type is this???
1280,06/30/2022,224,0,,,,hot,TRUE,FALSE,FALSE,,FALSE,
1281,06/30/2022,120,0,,,,hot,TRUE,FALSE,FALSE,,FALSE,
1288,06/30/2022,335,0,,,,,TRUE,FALSE,FALSE,Picked for Orders,FALSE,
1289,06/30/2022,311,0,,,,,TRUE,FALSE,FALSE,Picked for Orders,FALSE,
1412,06/14/2022,244,0,,,,,FALSE,FALSE,FALSE,last count 6/7,FALSE,
1763,01/01/1900,479,0,,,,,FALSE,FALSE,FALSE,,FALSE,
1820,01/01/1900,192,0,,,,,FALSE,FALSE,FALSE,Movement 101 to GBRU on 08/10/2022,FALSE,
