orgID,oldID,CountDate,MaterialID,Counter,Priority,Completed,Unscheduled,Material Not Found,Reason Scheduled,CM Print Flag,Notes
1,1241,07/01/2022,318,,,TRUE,FALSE,FALSE,Received Material,FALSE,
1,1242,07/01/2022,424,,,TRUE,FALSE,FALSE,Received Material,FALSE,
1,1247,07/01/2022,550,,,TRUE,FALSE,FALSE,Material Movement,FALSE,"This is L-10, right?"
1,1250,07/01/2022,654,,,TRUE,FALSE,FALSE,Material Movement,FALSE,
1,1253,07/01/2022,238,,,TRUE,FALSE,FALSE,"Received Material, orders picked",FALSE,
1,1255,07/01/2022,10,,,TRUE,FALSE,FALSE,Material Movement,FALSE,
1,1257,07/01/2022,33,,,TRUE,FALSE,FALSE,Picked for Orders,FALSE,
1,1259,07/05/2022,61,,,TRUE,FALSE,FALSE,Picked for Orders,FALSE,
1,1262,07/01/2022,373,,,TRUE,FALSE,FALSE,Picked for Orders,FALSE,
1,1263,07/01/2022,374,,,TRUE,FALSE,FALSE,Picked for Orders,FALSE,
1,1264,07/05/2022,287,,vfy,TRUE,FALSE,FALSE,Verify Prev Count,FALSE,
1,1265,07/05/2022,467,,vfy,TRUE,FALSE,FALSE,Verify Prev Count,FALSE,
1,1270,07/01/2022,149,,,TRUE,FALSE,FALSE,Material Movement,FALSE,
1,1275,07/05/2022,268,,,TRUE,FALSE,FALSE,Picked for Orders,FALSE,physically count!!
1,1282,07/05/2022,259,,,TRUE,FALSE,FALSE,Picked for Orders,FALSE,
1,1283,07/01/2022,135,,,TRUE,FALSE,FALSE,Picked for Orders,FALSE,
1,1284,07/05/2022,356,,,TRUE,FALSE,FALSE,Picked for Orders,FALSE,
1,1285,07/07/2022,104,,,TRUE,FALSE,FALSE,Picked for Orders,FALSE,
1,1286,07/05/2022,193,,,TRUE,FALSE,FALSE,Picked for Orders,FALSE,
1,1287,07/06/2022,133,,,TRUE,FALSE,FALSE,Picked for Orders,FALSE,
1,1290,07/08/2022,256,,,TRUE,FALSE,FALSE,Picked for Orders,FALSE,
1,1291,07/01/2022,24,,vfy,TRUE,FALSE,FALSE,Verify Prev Count,FALSE,missing 1 pallet??
1,1292,07/01/2022,6,,vfy,TRUE,FALSE,FALSE,Verify Prev Count,FALSE,Is the bag of 5000 this part?
1,1293,07/08/2022,129,,vfy,TRUE,FALSE,FALSE,Verify Prev Count,FALSE,missing 90?
1,1294,07/06/2022,172,,vfy,TRUE,FALSE,FALSE,Verify Prev Count,FALSE,SAP=208
1,1295,07/05/2022,224,,hot,FALSE,FALSE,FALSE,Material Movement,FALSE,Moving target - good luck!!
1,1296,07/08/2022,232,,vfy,TRUE,FALSE,FALSE,Verify Prev Count,FALSE,Missing aq lot - search EVERYWHERE!!
1,1297,07/06/2022,286,,vfy,TRUE,FALSE,FALSE,Verify Prev Count,FALSE,8 missing??
1,1298,07/06/2022,335,,vfy,TRUE,FALSE,FALSE,Verify Prev Count,FALSE,SAP=1312
1,1299,07/01/2022,684,,vfy,TRUE,FALSE,FALSE,Verify Prev Count,FALSE,"SAP=256, look EVERYWHERE in 868, IQC"
1,1300,07/01/2022,685,,vfy,TRUE,FALSE,FALSE,Verify Prev Count,FALSE,missing 1 plt?? 868_IQC???
1,1301,07/07/2022,489,,vfy,TRUE,FALSE,FALSE,Verify Prev Count,FALSE,missing 206
1,1302,07/08/2022,549,,vfy,TRUE,FALSE,FALSE,Verify Prev Count,FALSE,missing 6168
1,1303,07/06/2022,554,,vfy,TRUE,FALSE,FALSE,Verify Prev Count,FALSE,count CAREFULLY.  Missing 1169
1,1304,07/08/2022,8,,,TRUE,FALSE,FALSE,Received Material,FALSE,
1,1305,07/07/2022,22,,,TRUE,FALSE,FALSE,Received Material,FALSE,
1,1306,07/07/2022,66,,,TRUE,FALSE,FALSE,Received Material ?,FALSE,
1,1307,07/05/2022,266,,,TRUE,FALSE,FALSE,Received Material,FALSE,Ask Ryan before counting
1,1308,07/08/2022,16,,,TRUE,FALSE,FALSE,Picked for Orders,FALSE,
1,1309,07/05/2022,120,,,TRUE,FALSE,FALSE,Picked for Orders,FALSE,
1,1310,07/07/2022,23,,,TRUE,FALSE,FALSE,Picked for Orders,FALSE,
1,1311,07/08/2022,24,,,TRUE,FALSE,FALSE,Picked for Orders,FALSE,
1,1312,07/05/2022,65,,,FALSE,FALSE,FALSE,Picked for Orders,FALSE,
1,1313,07/05/2022,324,,,TRUE,FALSE,FALSE,Picked for Orders,FALSE,
1,1314,07/05/2022,628,,,TRUE,FALSE,FALSE,Picked for Orders,FALSE,
1,1315,07/05/2022,637,,,TRUE,FALSE,FALSE,Picked for Orders,FALSE,
1,1317,07/06/2022,224,,hot,TRUE,FALSE,FALSE,Picked for Orders,FALSE,Moving target - good luck!!
1,1318,07/07/2022,65,,,TRUE,FALSE,FALSE,Picked for Orders,FALSE,
1,1319,07/06/2022,120,,vfy,TRUE,FALSE,FALSE,Verify Prev Count,FALSE,
1,1320,07/06/2022,193,,vfy,TRUE,FALSE,FALSE,Verify Prev Count,FALSE,Count ALL boxes!
1,1321,07/06/2022,259,,vfy,TRUE,FALSE,FALSE,Verify Prev Count,FALSE,Check IMS for locations.  Check HVC carefully
1,1322,07/07/2022,268,,,TRUE,FALSE,FALSE,,FALSE,
1,1323,07/07/2022,287,,vfy,TRUE,FALSE,FALSE,Verify Prev Count,FALSE,Are there any at SMC?
1,1324,07/07/2022,356,,vfy,TRUE,FALSE,FALSE,Verify Prev Count,FALSE,"Count HVC_floor, IQC CAREFULLY!"
1,1325,07/07/2022,467,,vfy,TRUE,FALSE,FALSE,Verify Prev Count,FALSE,Count ALL boxes (move them around!!). Count EVERYWHERE!!
1,1326,07/07/2022,28,,,TRUE,FALSE,FALSE,Picked for Orders,FALSE,
1,1327,07/07/2022,83,,,TRUE,FALSE,FALSE,Picked for Orders,FALSE,
1,1328,07/07/2022,85,,,TRUE,FALSE,FALSE,Picked for Orders,FALSE,
1,1329,07/06/2022,98,,,TRUE,FALSE,FALSE,Picked for Orders,FALSE,
1,1330,07/06/2022,149,,,TRUE,FALSE,FALSE,Picked for Orders,FALSE,
1,1331,07/07/2022,192,,,TRUE,FALSE,FALSE,Picked for Orders,FALSE,
1,1332,07/08/2022,196,,,TRUE,FALSE,FALSE,Picked for Orders,FALSE,
1,1333,07/06/2022,218,,,TRUE,FALSE,FALSE,Picked for Orders,FALSE,
1,1334,07/07/2022,254,,,TRUE,FALSE,FALSE,Picked for Orders,FALSE,
1,1335,07/06/2022,261,,,TRUE,FALSE,FALSE,Picked for Orders,FALSE,
1,1336,07/07/2022,311,,,TRUE,FALSE,FALSE,Picked for Orders,FALSE,
1,1337,07/08/2022,318,,,TRUE,FALSE,FALSE,Picked for Orders,FALSE,
1,1338,07/06/2022,313,,,TRUE,FALSE,FALSE,Material Movement,FALSE,What part type? Where is it? Is it L-10?
1,1339,07/08/2022,426,,,TRUE,FALSE,FALSE,Material Movement,FALSE,
1,1340,07/08/2022,324,,,TRUE,FALSE,FALSE,Material Movement,FALSE,
1,1341,07/08/2022,684,,,TRUE,FALSE,FALSE,Material Movement,FALSE,
1,1342,07/08/2022,685,,,TRUE,FALSE,FALSE,Material Movement,FALSE,
1,1343,07/12/2022,662,Calvin,,TRUE,FALSE,FALSE,Received Material,FALSE,
1,1344,07/07/2022,224,,hot,TRUE,FALSE,FALSE,Picked for Orders,FALSE,Moving target - good luck!!
1,1345,07/12/2022,9,Calvin,,TRUE,FALSE,FALSE,Picked for Orders,FALSE,
1,1346,07/12/2022,21,Calvin,,TRUE,FALSE,FALSE,"Picked for Orders, Matl rcvd",FALSE,
1,1347,07/12/2022,33,Calvin,,TRUE,FALSE,FALSE,Picked for Orders,FALSE,
1,1348,07/12/2022,63,Calvin,,TRUE,FALSE,FALSE,Picked for Orders,FALSE,
1,1349,07/12/2022,87,Calvin,,TRUE,FALSE,FALSE,Picked for Orders,FALSE,
1,1350,07/11/2022,120,,,TRUE,FALSE,FALSE,Picked for Orders,FALSE,
1,1351,07/11/2022,218,,,TRUE,FALSE,FALSE,Picked for Orders,FALSE,
1,1352,07/13/2022,554,Calvin,,TRUE,FALSE,FALSE,Picked for Orders,FALSE,
1,1353,07/11/2022,628,,,TRUE,FALSE,FALSE,Picked for Orders,FALSE,
1,1354,07/11/2022,637,,,TRUE,FALSE,FALSE,Picked for Orders,FALSE,
1,1355,07/13/2022,105,Calvin,,TRUE,FALSE,FALSE,Received Material,FALSE,
1,1356,07/13/2022,135,Calvin,,TRUE,FALSE,FALSE,Received Material,FALSE,
1,1357,07/12/2022,147,Calvin,,TRUE,FALSE,FALSE,Received Material,FALSE,
1,1358,07/08/2022,294,,,TRUE,FALSE,FALSE,Received Material,FALSE,
1,1359,07/13/2022,654,Calvin,,TRUE,FALSE,FALSE,Received Material,FALSE,
1,1360,07/12/2022,10,Calvin,,TRUE,FALSE,FALSE,Material Movement,FALSE,
1,1361,07/13/2022,18,Calvin,,TRUE,FALSE,FALSE,Material Movement,FALSE,
1,1362,07/13/2022,20,Calvin,,TRUE,FALSE,FALSE,Material Movement,FALSE,
1,1363,07/11/2022,29,,,TRUE,FALSE,FALSE,Material Movement,FALSE,
1,1364,07/11/2022,140,,,TRUE,FALSE,FALSE,Picked for Orders,FALSE,
1,1365,07/11/2022,238,,,TRUE,FALSE,FALSE,Material Movement,FALSE,
1,1366,07/13/2022,259,Calvin,,TRUE,FALSE,FALSE,Verify Prev Count,FALSE,"phys=919, SAP=1953"
1,1367,07/13/2022,335,Calvin,,TRUE,FALSE,FALSE,Picked for Orders,FALSE,
1,1368,07/07/2022,431,,,FALSE,FALSE,FALSE,Initial count,FALSE,Check IMS
1,1369,07/07/2022,625,,,TRUE,FALSE,FALSE,Initial count,FALSE,check IQC_West
1,1370,07/13/2022,431,Calvin,,TRUE,FALSE,FALSE,Initial count,FALSE,Ask Ryan about this
1,1371,07/12/2022,23,Calvin,,TRUE,FALSE,FALSE,Picked for Orders,FALSE,
1,1372,07/13/2022,98,Calvin,,TRUE,FALSE,FALSE,Picked for Orders,FALSE,Check EVERYWHERE - SAP has much more than phys
1,1373,07/14/2022,104,Calvin,,TRUE,FALSE,FALSE,Picked for Orders,FALSE,
1,1374,07/14/2022,142,Calvin,,TRUE,FALSE,FALSE,Picked for Orders,FALSE,
1,1375,07/12/2022,192,Calvin,,TRUE,FALSE,FALSE,Picked for Orders,FALSE,
1,1376,07/18/2022,193,Calvin,,TRUE,FALSE,FALSE,Picked for Orders,FALSE,
1,1377,07/13/2022,227,Calvin,,TRUE,FALSE,FALSE,Picked for Orders,FALSE,
1,1378,07/11/2022,235,,,TRUE,FALSE,FALSE,Picked for Orders,FALSE,
1,1379,07/12/2022,261,Calvin,,TRUE,FALSE,FALSE,Picked for Orders,FALSE,
1,1380,07/11/2022,268,,,TRUE,FALSE,FALSE,Picked for Orders,FALSE,Count carefully
1,1381,07/13/2022,467,Calvin,,TRUE,FALSE,FALSE,Picked for Orders,FALSE,
1,1382,07/12/2022,490,Calvin,,TRUE,FALSE,FALSE,Picked for Orders,FALSE,
1,1383,07/13/2022,356,Calvin,,TRUE,FALSE,FALSE,Received Material,FALSE,
1,1384,07/08/2022,465,,info,TRUE,FALSE,FALSE,Info only,FALSE,"Get SAP info, part type, at IQC??"
1,1385,07/14/2022,272,Calvin,,TRUE,FALSE,FALSE,Material Movement,FALSE,
1,1386,07/14/2022,273,Calvin,,TRUE,FALSE,FALSE,Material Movement,FALSE,
1,1387,07/14/2022,279,Calvin,,TRUE,FALSE,FALSE,Material Movement,FALSE,
1,1388,07/14/2022,278,Calvin,,TRUE,FALSE,FALSE,Picked for Orders,FALSE,
1,1389,07/12/2022,315,Calvin,,TRUE,FALSE,FALSE,Material Movement,FALSE,
1,1390,07/15/2022,196,Calvin,,TRUE,FALSE,FALSE,Verify Prev Count,FALSE,Physically count!!
1,1391,07/15/2022,232,Calvin,,TRUE,FALSE,FALSE,Verify Prev Count,FALSE,Still missing a lot - SEARCH!!!
1,1392,07/13/2022,294,Calvin,,TRUE,FALSE,FALSE,Verify Prev Count,FALSE,are there 4 lonely plts somewhere?
1,1393,07/11/2022,44,,,TRUE,FALSE,FALSE,"Last count 6/13, phys=38, SAP=28",FALSE,
1,1394,07/11/2022,226,,,TRUE,FALSE,FALSE,"Last count 6/28, phys=93, SAP=15",FALSE,
1,1395,07/12/2022,258,Calvin,,TRUE,FALSE,FALSE,Received Material,FALSE,
1,1396,07/12/2022,263,Calvin,,TRUE,FALSE,FALSE,Last count 6/27 - excess mtl rcvd?,FALSE,
1,1399,07/18/2022,266,Calvin,,TRUE,FALSE,FALSE,Verify Prev Count,FALSE,
1,1400,07/11/2022,55,,,TRUE,FALSE,FALSE,Last count 6/14,FALSE,
1,1401,07/11/2022,184,,,TRUE,FALSE,FALSE,last count 6/13,FALSE,
1,1402,07/19/2022,133,Calvin,,TRUE,FALSE,FALSE,Picked for Orders,FALSE,
1,1403,07/20/2022,254,Calvin,,TRUE,FALSE,FALSE,Picked for Orders,FALSE,
1,1404,07/14/2022,256,Calvin,,TRUE,FALSE,FALSE,Picked for Orders,FALSE,
1,1405,07/20/2022,287,Calvin,,TRUE,FALSE,FALSE,Picked for Orders,FALSE,
1,1406,07/20/2022,311,Calvin,,TRUE,FALSE,FALSE,Picked for Orders,FALSE,
1,1407,07/21/2022,479,Calvin,,TRUE,FALSE,FALSE,Picked for Orders,FALSE,
1,1408,07/20/2022,489,Calvin,,TRUE,FALSE,FALSE,"Received Material, Picked for Orders",FALSE,
1,1409,07/14/2022,2,Calvin,,TRUE,FALSE,TRUE,Last count 6/7,FALSE,
1,1410,07/20/2022,404,Calvin,,FALSE,FALSE,FALSE,Initial Count,FALSE,
1,1411,07/15/2022,242,Calvin,,FALSE,FALSE,FALSE,last count 6/28,FALSE,
1,1413,07/14/2022,322,Calvin,,TRUE,FALSE,FALSE,last count 6/7,FALSE,
1,1414,07/15/2022,240,Calvin,,TRUE,FALSE,FALSE,last count 6/7,FALSE,
1,1415,07/11/2022,96,,,TRUE,FALSE,FALSE,last count 6/27,FALSE,
1,1416,07/21/2022,88,Calvin,,TRUE,FALSE,FALSE,Received Material,FALSE,
1,1417,07/22/2022,132,Calvin,,TRUE,FALSE,FALSE,last count 6/7,FALSE,
1,1418,07/22/2022,206,Calvin,,TRUE,FALSE,FALSE,last count 6/7,FALSE,
1,1419,07/11/2022,67,,,TRUE,FALSE,FALSE,last count 6/13,FALSE,
1,1420,07/11/2022,131,,,TRUE,FALSE,FALSE,last ct 6/13,FALSE,
1,1421,07/11/2022,224,,,TRUE,FALSE,FALSE,Material Movement,FALSE,
1,1422,07/11/2022,222,,,TRUE,FALSE,FALSE,Material Movement,FALSE,
1,1423,07/14/2022,65,Calvin,,TRUE,FALSE,FALSE,Material Movement,FALSE,
1,1424,07/14/2022,66,Calvin,,TRUE,FALSE,FALSE,Material Movement,FALSE,
1,1425,07/14/2022,83,Calvin,,TRUE,FALSE,FALSE,Material Movement,FALSE,
1,1426,07/14/2022,85,Calvin,,TRUE,FALSE,FALSE,Material Movement,FALSE,
1,1427,07/15/2022,385,Calvin,,FALSE,FALSE,FALSE,lst ct 6/17,FALSE,
1,1428,07/15/2022,386,Calvin,,FALSE,FALSE,FALSE,last ct 6/7,FALSE,
1,1429,07/15/2022,86,Calvin,,TRUE,FALSE,FALSE,last ct 6/14,FALSE,
1,1430,07/15/2022,204,Calvin,,TRUE,FALSE,FALSE,last ct 6/7,FALSE,
1,1431,07/14/2022,19,Calvin,,TRUE,FALSE,FALSE,last ct 6/7,FALSE,
1,1432,07/15/2022,32,Calvin,,TRUE,FALSE,TRUE,Initial Count,FALSE,
1,1433,07/14/2022,432,Calvin,info,TRUE,FALSE,FALSE,Initial Count,FALSE,Check IQC
1,1434,07/15/2022,446,Calvin,,FALSE,FALSE,FALSE,last ct 6/17,FALSE,
1,1435,07/12/2022,120,Calvin,,TRUE,FALSE,FALSE,Verify Prev Count,FALSE,
1,1436,07/14/2022,140,Calvin,,TRUE,FALSE,FALSE,Received Material,FALSE,
1,1438,07/12/2022,224,Calvin,,TRUE,FALSE,FALSE,Verify Prev Count,FALSE,
1,1439,07/13/2022,268,Calvin,,TRUE,FALSE,FALSE,Verify Prev Count,FALSE,more than one bunch in HVC??
1,1441,07/20/2022,23,Calvin,,TRUE,FALSE,FALSE,Picked for Orders,FALSE,
1,1442,07/19/2022,24,Calvin,,TRUE,FALSE,FALSE,Picked for Orders,FALSE,
1,1443,07/19/2022,87,Calvin,,TRUE,FALSE,FALSE,Picked for Orders,FALSE,
1,1444,07/18/2022,120,Calvin,,TRUE,FALSE,FALSE,Picked for Orders,FALSE,
1,1445,07/18/2022,224,Calvin,,TRUE,FALSE,FALSE,Picked for Orders,FALSE,
1,1446,07/22/2022,12,Calvin,,FALSE,FALSE,FALSE,Received Material,FALSE,
1,1447,07/18/2022,261,Calvin,,TRUE,FALSE,FALSE,Material Movement,FALSE,
1,1448,07/14/2022,490,Calvin,,TRUE,FALSE,FALSE,Verify Prev Count,FALSE,look for at least 3 plts
1,1449,07/14/2022,662,Calvin,,TRUE,FALSE,FALSE,Verify Prev Count,FALSE,find ALL tags on CN pile
1,1450,07/21/2022,192,Calvin,,TRUE,FALSE,FALSE,A-part,FALSE,
1,1452,07/14/2022,224,Calvin,,TRUE,FALSE,FALSE,Picked for Orders,FALSE,
1,1455,07/14/2022,120,Calvin,,TRUE,FALSE,FALSE,A-part,FALSE,
1,1456,07/22/2022,259,Calvin,,FALSE,FALSE,FALSE,Verify Prev Count,FALSE,
1,1457,07/15/2022,268,Nate,,FALSE,FALSE,FALSE,,FALSE,
1,1459,07/19/2022,628,,CM Count,TRUE,FALSE,FALSE,CM Random Count,TRUE,
1,1460,07/19/2022,132,,CM Count,TRUE,FALSE,FALSE,CM Random Count,TRUE,
1,1461,07/19/2022,271,,CM Count,TRUE,FALSE,FALSE,CM Random Count,TRUE,
1,1462,07/19/2022,222,,CM Count,TRUE,FALSE,FALSE,CM Random Count,TRUE,
1,1463,07/19/2022,131,,CM Count,TRUE,FALSE,FALSE,CM Random Count,TRUE,
1,1464,07/20/2022,217,,,TRUE,FALSE,FALSE,,FALSE,
1,1465,07/20/2022,505,,,TRUE,FALSE,FALSE,,FALSE,
1,1466,07/20/2022,630,,CM Ct,TRUE,FALSE,TRUE,CM Random Count,TRUE,
1,1467,07/20/2022,184,,CM Ct,TRUE,FALSE,FALSE,CM Random Count,TRUE,
1,1468,07/20/2022,343,,CM Ct,TRUE,FALSE,FALSE,CM Random Count,TRUE,
1,1469,07/20/2022,346,,CM Ct,TRUE,FALSE,FALSE,CM Random Count,TRUE,
1,1470,07/22/2022,9,,,TRUE,FALSE,FALSE,Movement 311 from GBRW on 07/14/2022,FALSE,
1,1471,07/22/2022,10,,,FALSE,FALSE,FALSE,Movement 311 to GBRW on 07/18/2022,FALSE,
1,1472,07/27/2022,21,,,FALSE,FALSE,FALSE,Movement 311 from GBRW on 07/18/2022,FALSE,
1,1473,07/27/2022,22,,,TRUE,FALSE,FALSE,Movement 311 from GBRU on 07/18/2022,FALSE,
1,1474,07/26/2022,23,,,TRUE,FALSE,FALSE,Movement 311 from GBRW on 07/18/2022,FALSE,
1,1475,07/22/2022,28,,,TRUE,FALSE,FALSE,Movement 311 from GBRU on 07/18/2022,FALSE,
1,1476,07/21/2022,33,,,TRUE,FALSE,FALSE,Movement 101 to GBRU on 07/14/2022,FALSE,
1,1477,07/27/2022,44,,,TRUE,FALSE,FALSE,Picked for Orders,FALSE,
1,1478,07/21/2022,65,,,TRUE,FALSE,FALSE,Picked for Orders,FALSE,
1,1479,07/21/2022,66,,,TRUE,FALSE,FALSE,Movement 311 from GBRW on 07/14/2022,FALSE,
1,1480,07/21/2022,83,,,TRUE,FALSE,FALSE,Movement 311 from GBRW on 07/14/2022,FALSE,
1,1481,07/22/2022,85,,,TRUE,FALSE,FALSE,Movement 311 from GBRW on 07/15/2022,FALSE,
1,1482,07/29/2022,87,,,TRUE,FALSE,FALSE,Movement 311 from GBRW on 07/15/2022,FALSE,
1,1483,07/21/2022,92,,info,TRUE,FALSE,FALSE,Picked for Orders,FALSE,Get location info
1,1484,07/27/2022,104,,,FALSE,FALSE,FALSE,Movement 311 from GBRW on 07/14/2022,FALSE,
1,1485,07/22/2022,120,,,TRUE,FALSE,FALSE,Movement 311 from GBRW on 07/14/2022,FALSE,
1,1486,07/26/2022,140,,,TRUE,FALSE,FALSE,Movement 311 from GBRW on 07/15/2022,FALSE,
1,1487,07/26/2022,142,,,TRUE,FALSE,FALSE,Movement 311 from GBRW on 07/15/2022,FALSE,
1,1488,07/26/2022,149,,,TRUE,FALSE,FALSE,Picked for Orders,FALSE,
1,1489,07/21/2022,218,,,TRUE,FALSE,FALSE,Picked for Orders,FALSE,
1,1491,07/21/2022,234,,,TRUE,FALSE,FALSE,Picked for Orders,TRUE,
1,1492,07/21/2022,235,,,TRUE,FALSE,FALSE,Movement 311 from GBRW on 07/15/2022,FALSE,
1,1493,07/22/2022,247,,,TRUE,FALSE,FALSE,Movement 311 to GBRW on 07/18/2022,FALSE,
1,1494,07/28/2022,254,,,FALSE,FALSE,FALSE,Picked for Orders,FALSE,
1,1495,07/26/2022,261,,,TRUE,FALSE,FALSE,Movement 311 from GBRW on 07/14/2022,FALSE,
1,1496,07/27/2022,268,,,TRUE,FALSE,FALSE,Picked for Orders,FALSE,
1,1497,07/25/2022,278,,,TRUE,FALSE,TRUE,Picked for Orders,FALSE,
1,1498,07/27/2022,318,,,TRUE,FALSE,FALSE,Picked for Orders,FALSE,
1,1499,07/27/2022,335,,,FALSE,FALSE,FALSE,Picked for Orders,FALSE,
1,1500,07/21/2022,348,,,TRUE,FALSE,FALSE,Movement 261 from GBRW on 07/14/2022,FALSE,
1,1501,07/22/2022,356,,,FALSE,FALSE,FALSE,Picked for Orders,FALSE,
1,1502,07/21/2022,407,,,TRUE,FALSE,FALSE,Movement 311 to GBRC on 07/18/2022,FALSE,
1,1503,07/22/2022,432,,,TRUE,FALSE,FALSE,Movement 101 to GBRU on 07/14/2022,FALSE,
1,1504,07/25/2022,467,,,TRUE,FALSE,FALSE,Picked for Orders,FALSE,
1,1505,07/29/2022,549,,,TRUE,FALSE,FALSE,Picked for Orders,FALSE,
1,1506,07/29/2022,550,,,TRUE,FALSE,FALSE,Movement 261 from GBRW on 07/14/2022,FALSE,
1,1507,07/27/2022,554,,,FALSE,FALSE,FALSE,Picked for Orders,FALSE,
1,1508,07/25/2022,628,,,TRUE,FALSE,FALSE,Picked for Orders,FALSE,
1,1509,07/27/2022,637,,,FALSE,FALSE,FALSE,Picked for Orders,TRUE,
1,1510,07/28/2022,654,,,TRUE,FALSE,FALSE,Movement 101 to GBRU on 07/18/2022,FALSE,
1,1512,07/21/2022,688,,,TRUE,FALSE,FALSE,"Movement 101 to GBRU on 07/18/2022, Initial Count",TRUE,
1,1513,07/21/2022,689,,,TRUE,FALSE,FALSE,Picked for Orders,FALSE,
1,1514,07/21/2022,404,,,TRUE,FALSE,FALSE,Initial Count,TRUE,50 @868??
1,1515,07/22/2022,217,,,FALSE,FALSE,FALSE,Verify Prev Count,FALSE,
1,1516,07/22/2022,343,,,TRUE,FALSE,FALSE,Verify Prev Count,FALSE,do not trust the tags at RBFB_1!!
1,1517,07/29/2022,88,,,TRUE,FALSE,FALSE,Verify Prev Count,FALSE,
1,1518,07/28/2022,92,,,TRUE,FALSE,FALSE,Verify Prev Count,FALSE,
1,1519,07/27/2022,192,Calvin,,TRUE,FALSE,FALSE,,TRUE,physical count
1,1520,07/27/2022,218,Calvin,,TRUE,FALSE,FALSE,,FALSE,physical count
1,1521,07/28/2022,404,,,FALSE,FALSE,FALSE,Verify Prev Count,FALSE,physically count!
1,1522,07/29/2022,24,,,TRUE,FALSE,FALSE,Picked for Orders,FALSE,
1,1523,07/29/2022,33,,,TRUE,FALSE,FALSE,Picked for Orders,FALSE,
1,1524,07/28/2022,63,,,FALSE,FALSE,FALSE,Picked for Orders,FALSE,
1,1525,07/25/2022,224,,,TRUE,FALSE,FALSE,Movement 311 from GBRW on 07/19/2022,FALSE,
1,1526,07/25/2022,226,,,TRUE,FALSE,FALSE,Movement 311 from GBRC on 07/19/2022,FALSE,
1,1527,07/25/2022,258,,,TRUE,FALSE,FALSE,Movement 311 from GBRC on 07/19/2022,FALSE,
1,1530,07/26/2022,356,,,TRUE,FALSE,FALSE,Movement 311 from GBRC on 07/21/2022,FALSE,
1,1531,07/28/2022,259,,HOT!!!,TRUE,FALSE,FALSE,Ryan request - URGENT!,FALSE,
1,1533,07/26/2022,65,,,TRUE,FALSE,FALSE,Picked for Orders,FALSE,
1,1534,07/29/2022,305,,,TRUE,FALSE,FALSE,Movement 101 to GBRU on 07/19/2022,FALSE,
1,1536,07/26/2022,432,,,TRUE,FALSE,FALSE,Movement 311 to GBRW on 07/19/2022,TRUE,
1,1537,07/28/2022,29,,,TRUE,FALSE,FALSE,Movement 311 from GBRW on 07/19/2022,FALSE,
1,1538,07/28/2022,6,,,TRUE,FALSE,FALSE,Movement 311 from GBRW on 07/20/2022,FALSE,
1,1539,07/28/2022,549,,,TRUE,FALSE,FALSE,Picked for Orders,FALSE,
1,1540,07/25/2022,686,,,TRUE,FALSE,TRUE,Movement 101 to GBRU on 07/20/2022,FALSE,Find part type.  Is this L-10?
1,1541,07/28/2022,12,,,TRUE,FALSE,FALSE,Movement 311 from GBRW on 07/20/2022,FALSE,
1,1542,07/25/2022,229,,,TRUE,FALSE,FALSE,SAP Movements on 07/19/2022,FALSE,Is this really non-L10?
1,1543,07/29/2022,466,,,TRUE,FALSE,FALSE,Picked for Orders,FALSE,
1,1544,07/26/2022,120,,,TRUE,FALSE,FALSE,Verify Prev Count,FALSE,
1,1545,07/27/2022,132,,,FALSE,FALSE,FALSE,Verify Prev Count,FALSE,
1,1546,07/28/2022,247,,,FALSE,FALSE,FALSE,Verify Prev Count,FALSE,
1,1547,07/26/2022,131,,,TRUE,FALSE,FALSE,Movement 311 to GBRW on 07/22/2022,FALSE,
1,1549,07/28/2022,279,,hot,TRUE,FALSE,FALSE,"Picked for Orders, Ryan request",FALSE,
1,1550,07/28/2022,313,,hot,TRUE,FALSE,FALSE,"Movement 101 to GBRU on 07/21/2022, Ryan request",FALSE,
1,1551,07/29/2022,465,,,TRUE,FALSE,FALSE,Picked for Orders,FALSE,
1,1552,07/29/2022,85,,,TRUE,FALSE,FALSE,Movement 311 from GBRW on 07/25/2022,FALSE,
1,1561,07/29/2022,280,,,TRUE,FALSE,FALSE,Movement 311 from GBRW on 07/21/2022,FALSE,
1,1562,07/29/2022,490,,,TRUE,FALSE,FALSE,Picked for Orders,FALSE,
1,1564,07/26/2022,684,,,TRUE,FALSE,FALSE,Movement 311 from GBRW on 07/22/2022,FALSE,
1,1565,07/27/2022,505,,,FALSE,FALSE,FALSE,Movement 101 to GBRU on 07/21/2022,FALSE,
1,1567,07/29/2022,195,,info,TRUE,FALSE,FALSE,"Initial Count, information, part type",FALSE,
1,1568,07/29/2022,690,,info,TRUE,FALSE,FALSE,"Initial Count, information, part type",FALSE,
1,1569,07/28/2022,686,,,TRUE,FALSE,FALSE,Movement 101 to GBRU on 07/20/2022,FALSE,Find part type.  Is this L-10?
1,1570,07/26/2022,96,,CM Ct,TRUE,FALSE,FALSE,CM Random Count,FALSE,
1,1571,07/26/2022,93,,CM Ct,TRUE,FALSE,FALSE,CM Random Count,TRUE,
1,1572,07/26/2022,67,,CM Ct,TRUE,FALSE,FALSE,CM Random Count,TRUE,
1,1573,07/26/2022,111,,CM Ct,TRUE,FALSE,FALSE,CM Random Count,TRUE,
1,1574,07/28/2022,261,,hot,TRUE,FALSE,FALSE,"Ryan request, verify prev ct",FALSE,
1,1576,07/27/2022,61,,CM Ct,TRUE,FALSE,FALSE,CM Random Count,TRUE,
1,1577,07/27/2022,55,,CM Ct,TRUE,FALSE,FALSE,CM Random Count,FALSE,
1,1578,07/27/2022,223,,CM Ct,TRUE,FALSE,FALSE,CM Random Count,TRUE,
1,1579,07/27/2022,120,Calvin,,TRUE,FALSE,FALSE,Verify Prev Count,TRUE,
1,1580,07/27/2022,131,Calvin,,TRUE,FALSE,FALSE,Verify Prev Count,TRUE,s/b191. last ct missing 6
1,1581,07/27/2022,222,Calvin,,TRUE,FALSE,FALSE,,FALSE,physical count
1,1582,07/27/2022,224,Calvin,,TRUE,FALSE,FALSE,,FALSE,
1,1583,07/27/2022,628,Calvin,,TRUE,FALSE,FALSE,Verify Prev Count,FALSE,physically ct. last count missing 1
1,1584,07/29/2022,217,,,TRUE,FALSE,FALSE,Requested by L6,FALSE,
1,1594,07/28/2022,278,,hot,TRUE,FALSE,FALSE,Ryan request,FALSE,
1,1605,07/28/2022,394,,,TRUE,FALSE,FALSE,info,FALSE,Ask Ryan. Peter needs to know about this too - its on a picklist
1,1607,07/28/2022,273,,hot,TRUE,FALSE,FALSE,Ryan request,FALSE,
1,1608,07/28/2022,272,,hot,TRUE,FALSE,FALSE,Ryan request,FALSE,
1,1609,07/28/2022,678,,hot,TRUE,FALSE,FALSE,Ryan request,FALSE,
1,1610,07/28/2022,679,,hot,TRUE,FALSE,FALSE,Ryan request,FALSE,
1,1611,07/28/2022,266,,hot,TRUE,FALSE,FALSE,Ryan request,FALSE,
1,1612,07/28/2022,229,,hot,TRUE,FALSE,FALSE,Ryan request,FALSE,
1,1613,07/28/2022,315,,hot,TRUE,FALSE,FALSE,Ryan request,FALSE,
1,1647,08/08/2022,258,,,TRUE,FALSE,FALSE,Picked for Orders 08-03-2022,FALSE,
1,1649,08/09/2022,273,,,TRUE,FALSE,FALSE,Movement 311 from GBRC on 8/1/2022,FALSE,
1,1650,08/09/2022,278,,,TRUE,FALSE,FALSE,Movement 101 to GBRU on 7/29/2022,FALSE,
1,1651,08/09/2022,467,,,TRUE,FALSE,FALSE,Picked for Orders 08-03-2022,FALSE,
1,1654,08/09/2022,21,,,TRUE,FALSE,FALSE,Picked for Orders 08-03-2022,FALSE,
1,1655,08/09/2022,23,,,TRUE,FALSE,FALSE,Picked for Orders 08-03-2022,FALSE,
1,1663,08/04/2022,65,,,TRUE,FALSE,FALSE,CM Audit,FALSE,
1,1664,08/04/2022,111,,,TRUE,FALSE,FALSE,CM Audit,FALSE,
1,1665,08/04/2022,120,,,TRUE,FALSE,FALSE,CM Audit,FALSE,
1,1666,08/04/2022,131,,,TRUE,FALSE,FALSE,CM Audit,FALSE,
1,1667,08/04/2022,222,,,TRUE,FALSE,FALSE,CM Audit,FALSE,
1,1668,08/04/2022,224,,,TRUE,FALSE,FALSE,CM Audit,FALSE,
1,1669,08/04/2022,324,,,TRUE,FALSE,FALSE,CM Audit,FALSE,
1,1670,08/04/2022,343,,,TRUE,FALSE,FALSE,CM Audit,FALSE,
1,1671,08/04/2022,637,,,TRUE,FALSE,FALSE,CM Audit,FALSE,
1,1672,08/04/2022,325,,,TRUE,FALSE,FALSE,CM Audit,FALSE,
1,1674,08/04/2022,346,,,TRUE,FALSE,FALSE,CM Audit,FALSE,
1,1675,08/04/2022,385,,,TRUE,FALSE,FALSE,CM Audit,FALSE,
1,1676,08/04/2022,386,,,TRUE,FALSE,FALSE,CM Audit,FALSE,
1,1677,08/04/2022,9,,,TRUE,FALSE,FALSE,CM Audit,FALSE,
1,1678,08/04/2022,23,,,TRUE,FALSE,FALSE,CM Audit,FALSE,
1,1679,08/04/2022,24,,,TRUE,FALSE,FALSE,CM Audit,FALSE,
1,1680,08/04/2022,28,,,TRUE,FALSE,FALSE,CM Audit,FALSE,
1,1681,08/04/2022,33,,,TRUE,FALSE,FALSE,CM Audit,FALSE,
1,1682,08/04/2022,21,,,TRUE,FALSE,FALSE,CM Audit,FALSE,
1,1683,08/04/2022,61,,,FALSE,FALSE,FALSE,CM Audit,FALSE,
1,1685,08/04/2022,66,,,TRUE,FALSE,FALSE,CM Audit,FALSE,
1,1686,08/04/2022,85,,,TRUE,FALSE,FALSE,CM Audit,FALSE,
1,1687,08/04/2022,87,,,TRUE,FALSE,FALSE,CM Audit,FALSE,
1,1688,08/04/2022,106,,,TRUE,FALSE,FALSE,CM Audit,FALSE,
1,1689,08/04/2022,192,,,TRUE,FALSE,FALSE,CM Audit,FALSE,
1,1690,08/04/2022,218,,,TRUE,FALSE,FALSE,CM Audit,FALSE,
1,1691,08/04/2022,223,,,TRUE,FALSE,FALSE,CM Audit,FALSE,
1,1692,08/04/2022,268,,,TRUE,FALSE,FALSE,CM Audit,FALSE,
1,1693,08/04/2022,373,,,TRUE,FALSE,FALSE,CM Audit,FALSE,
1,1694,08/04/2022,374,,,TRUE,FALSE,FALSE,CM Audit,FALSE,
1,1695,08/04/2022,684,,,TRUE,FALSE,FALSE,CM Audit,FALSE,
1,1696,08/04/2022,685,,,TRUE,FALSE,FALSE,CM Audit,FALSE,
1,1697,08/04/2022,554,,,TRUE,FALSE,FALSE,CM Audit,FALSE,
1,1698,08/04/2022,628,,,TRUE,FALSE,FALSE,CM Audit,FALSE,
1,1700,08/04/2022,67,,,FALSE,FALSE,FALSE,CM Audit,FALSE,
1,1701,08/04/2022,83,,,TRUE,FALSE,FALSE,CM Audit,FALSE,
1,1702,08/04/2022,86,,,TRUE,FALSE,FALSE,CM Audit,FALSE,
1,1707,08/09/2022,261,,,TRUE,FALSE,FALSE,Movement 101 to GBRU on 8/3/2022,FALSE,
1,1708,08/08/2022,88,,,TRUE,FALSE,FALSE,Picked for Orders 08-03-2022,FALSE,
1,1709,08/08/2022,104,,,TRUE,FALSE,FALSE,Movement 311 from GBRW on 8/4/2022,FALSE,
1,1710,08/08/2022,105,,,TRUE,FALSE,FALSE,Picked for Orders 08-03-2022,FALSE,
1,1711,08/08/2022,132,,,TRUE,FALSE,FALSE,Picked for Orders 08-03-2022,FALSE,
1,1712,08/09/2022,201,,,TRUE,FALSE,FALSE,Picked for Orders 08-03-2022,FALSE,
1,1713,08/08/2022,294,,,TRUE,FALSE,FALSE,Movement 101 to GBRU on 8/4/2022,FALSE,
1,1714,08/08/2022,305,,,TRUE,FALSE,FALSE,Picked for Orders 08-05-2022,FALSE,
1,1715,08/08/2022,563,,,TRUE,FALSE,FALSE,Picked for Orders 08-05-2022,FALSE,
1,1716,08/08/2022,662,,,TRUE,FALSE,FALSE,Picked for Orders 08-05-2022,FALSE,
1,1718,08/09/2022,140,,,TRUE,FALSE,FALSE,Picked for Orders 08-03-2022,FALSE,
1,1724,08/09/2022,479,,,TRUE,FALSE,FALSE,Picked for Orders 08-03-2022,FALSE,
1,1728,08/09/2022,141,,,TRUE,FALSE,FALSE,Movement 311 from GBRW on 7/27/2022,FALSE,
1,1730,08/08/2022,335,,,TRUE,FALSE,FALSE,Picked for Orders 08-05-2022,FALSE,
1,1733,08/09/2022,660,,,TRUE,FALSE,FALSE,Movement 311 from GBRU on 7/29/2022,FALSE,
1,1734,08/08/2022,206,,,TRUE,FALSE,FALSE,,FALSE,
1,1735,08/08/2022,93,,,TRUE,FALSE,FALSE,,FALSE,
1,1736,08/08/2022,106,,,TRUE,FALSE,FALSE,,FALSE,
1,1737,08/08/2022,184,,,TRUE,FALSE,FALSE,,FALSE,
1,1738,08/08/2022,96,,,TRUE,FALSE,FALSE,,FALSE,
1,1739,08/08/2022,55,,,TRUE,FALSE,FALSE,,FALSE,
1,1740,08/08/2022,692,,,TRUE,FALSE,FALSE,,FALSE,
1,1746,08/16/2022,184,,,FALSE,FALSE,FALSE,Picked for Orders 08-09-2022,FALSE,
1,1747,08/16/2022,692,,,TRUE,FALSE,FALSE,Picked for Orders 08-09-2022,FALSE,
1,1748,08/22/2022,193,wave2,Ryan,TRUE,FALSE,FALSE,"Picked for Orders 08-09-2022, verify prev ct, Ryan red list",FALSE,
1,1749,08/10/2022,272,,NOTES!,TRUE,FALSE,FALSE,Movement 601 from GBRC on 8/5/2022,FALSE,This is an example. COUNT EVERYTHING IN THE CAGE!!
1,1750,08/16/2022,356,,,TRUE,FALSE,FALSE,Picked for Orders 08-09-2022,FALSE,
1,1756,08/16/2022,133,,,TRUE,FALSE,FALSE,Picked for Orders 08-09-2022,FALSE,
1,1760,08/16/2022,22,,,TRUE,FALSE,FALSE,Movement 101 to GBRU on 8/5/2022,FALSE,
1,1761,08/16/2022,318,,,TRUE,FALSE,FALSE,Picked for Orders 08-09-2022,FALSE,
1,1762,08/16/2022,8,,,TRUE,FALSE,FALSE,Movement 101 to GBRU on 8/5/2022,FALSE,
1,1764,08/10/2022,305,,Ryan,TRUE,FALSE,FALSE,Ryan's hotlist,FALSE,
1,1765,08/10/2022,132,,Ryan,TRUE,FALSE,FALSE,Ryan's hotlist,FALSE,
1,1766,08/10/2022,662,,Ryan,TRUE,FALSE,FALSE,Ryan's hotlist,FALSE,
1,1767,08/10/2022,193,,Ryan,TRUE,FALSE,FALSE,Ryan's hotlist,FALSE,
1,1768,08/10/2022,266,,Ryan,TRUE,FALSE,FALSE,Ryan's hotlist,FALSE,
1,1769,08/10/2022,229,,Ryan,TRUE,FALSE,FALSE,Ryan's hotlist,FALSE,
1,1770,08/10/2022,278,,Ryan,TRUE,FALSE,FALSE,Ryan's hotlist,FALSE,
1,1771,08/10/2022,259,,Ryan,TRUE,FALSE,FALSE,Ryan's hotlist,FALSE,
1,1772,08/10/2022,467,,Ryan,TRUE,FALSE,FALSE,Ryan's hotlist,FALSE,
1,1773,08/10/2022,689,,Ryan,TRUE,FALSE,FALSE,Ryan's hotlist,FALSE,
1,1774,08/10/2022,106,,Ryan,TRUE,FALSE,FALSE,Ryan's hotlist,FALSE,
1,1775,08/10/2022,192,,Ryan,TRUE,FALSE,FALSE,Ryan's hotlist,FALSE,
1,1776,08/10/2022,131,,Ryan,TRUE,FALSE,FALSE,Ryan's hotlist,FALSE,
1,1777,08/10/2022,628,,Ryan,TRUE,FALSE,FALSE,Ryan's hotlist,FALSE,
1,1778,08/10/2022,218,,Ryan,TRUE,FALSE,FALSE,Ryan's hotlist,FALSE,
1,1779,08/10/2022,222,,Ryan,TRUE,FALSE,FALSE,Ryan's hotlist,FALSE,
1,1781,08/11/2022,280,,Ryan,TRUE,FALSE,FALSE,Ryan AST-B,FALSE,
1,1782,08/11/2022,196,,Ryan,TRUE,FALSE,FALSE,Ryan AST-B,FALSE,
1,1783,08/11/2022,251,,Ryan,TRUE,FALSE,FALSE,Ryan AST-B,FALSE,
1,1784,08/11/2022,98,,Ryan,TRUE,FALSE,FALSE,Ryan AST-B,FALSE,
1,1785,08/11/2022,135,,Ryan,TRUE,FALSE,FALSE,Ryan AST-B,FALSE,
1,1786,08/11/2022,133,,Ryan,TRUE,FALSE,FALSE,Ryan AST-B,FALSE,
1,1787,08/11/2022,227,,Ryan,TRUE,FALSE,FALSE,Ryan AST-B,FALSE,
1,1788,08/11/2022,238,,Ryan,TRUE,FALSE,FALSE,Ryan AST-B,FALSE,
1,1789,08/11/2022,220,,Ryan,TRUE,FALSE,FALSE,Ryan AST-B,FALSE,
1,1790,08/11/2022,141,,Ryan,TRUE,FALSE,FALSE,Ryan AST-B,FALSE,
1,1791,08/11/2022,148,,Ryan,TRUE,FALSE,FALSE,Ryan AST-B,FALSE,
1,1792,08/11/2022,149,,Ryan,TRUE,FALSE,FALSE,Ryan AST-B,FALSE,
1,1793,08/11/2022,174,,Ryan,TRUE,FALSE,FALSE,Ryan AST-B,FALSE,
1,1794,08/11/2022,129,,Ryan,TRUE,FALSE,FALSE,Ryan AST-B,FALSE,
1,1795,08/11/2022,322,,Ryan,TRUE,FALSE,FALSE,Ryan AST-B,FALSE,
1,1796,08/11/2022,244,,Ryan,TRUE,FALSE,FALSE,Ryan AST-B,FALSE,
1,1797,08/11/2022,247,,Ryan,TRUE,FALSE,FALSE,Ryan AST-B,FALSE,
1,1798,08/11/2022,249,,Ryan,TRUE,FALSE,FALSE,Ryan AST-B,FALSE,
1,1799,08/11/2022,334,,Ryan,TRUE,FALSE,FALSE,Ryan AST-B,FALSE,
1,1800,08/11/2022,333,,Ryan,TRUE,FALSE,FALSE,Ryan AST-B,FALSE,
1,1801,08/11/2022,254,,Ryan,TRUE,FALSE,FALSE,Ryan AST-B,FALSE,
1,1802,08/11/2022,232,,Ryan,TRUE,FALSE,FALSE,Ryan AST-B,FALSE,
1,1803,08/11/2022,283,,Ryan,TRUE,FALSE,FALSE,Ryan AST-B,FALSE,
1,1804,08/11/2022,284,,Ryan,TRUE,FALSE,FALSE,Ryan AST-B,FALSE,
1,1805,08/11/2022,399,,Ryan,TRUE,FALSE,FALSE,Ryan AST-B,FALSE,
1,1806,08/11/2022,242,,Ryan,TRUE,FALSE,FALSE,Ryan AST-B,FALSE,
1,1807,08/11/2022,134,,Ryan,TRUE,FALSE,FALSE,Ryan AST-B,FALSE,
1,1808,08/11/2022,286,,Ryan,TRUE,FALSE,FALSE,Ryan AST-B,FALSE,
1,1809,08/11/2022,311,,Ryan,TRUE,FALSE,FALSE,Ryan AST-B,FALSE,
1,1810,08/11/2022,152,,Ryan,TRUE,FALSE,FALSE,Ryan AST-B,FALSE,
1,1811,08/11/2022,139,,Ryan,TRUE,FALSE,FALSE,Ryan AST-B,FALSE,
1,1812,08/11/2022,234,,Ryan,TRUE,FALSE,FALSE,Ryan AST-B,FALSE,
1,1813,08/11/2022,287,,Ryan,TRUE,FALSE,FALSE,Ryan AST-B,FALSE,
1,1814,08/16/2022,696,,,TRUE,FALSE,FALSE,Received Material,FALSE,
1,1815,08/15/2022,88,,Ryan,TRUE,FALSE,FALSE,Ryan hotlist,FALSE,
1,1816,08/15/2022,206,,Ryan,TRUE,FALSE,FALSE,Ryan hotlist,FALSE,
1,1817,08/15/2022,294,,Ryan,TRUE,FALSE,FALSE,Ryan hotlist,FALSE,
1,1818,08/15/2022,105,,Ryan,TRUE,FALSE,FALSE,Ryan hotlist,FALSE,
1,1819,08/15/2022,104,,Ryan,TRUE,FALSE,FALSE,Ryan hotlist,FALSE,
1,1821,08/22/2022,258,,,TRUE,FALSE,FALSE,Movement 311 from GBRC on 08/10/2022,FALSE,
1,1822,08/22/2022,259,,,TRUE,FALSE,FALSE,Movement 261 from GBRC on 08/11/2022,FALSE,
1,1823,08/22/2022,261,,,TRUE,FALSE,FALSE,Movement 261 from GBRW on 08/10/2022,FALSE,
1,1824,08/22/2022,270,,,TRUE,FALSE,FALSE,Movement 311 to GBRC on 08/15/2022,FALSE,
1,1825,08/22/2022,278,,,TRUE,FALSE,FALSE,Movement 311 to GBRC on 08/11/2022,FALSE,
1,1826,08/29/2022,279,Calvin,,FALSE,FALSE,FALSE,Movement 261 from GBRC on 08/09/2022,FALSE,
1,1827,08/25/2022,467,Calvin,,TRUE,FALSE,FALSE,Movement 311 from GBRC on 08/09/2022,FALSE,
1,1828,08/25/2022,466,Calvin,,TRUE,FALSE,FALSE,Movement 311 from GBRC on 08/11/2022,FALSE,
1,1829,08/24/2022,21,,,TRUE,FALSE,FALSE,Movement 311 from GBRW on 08/09/2022,FALSE,
1,1830,08/24/2022,24,,,TRUE,FALSE,FALSE,Movement 101 to GBRU on 08/12/2022,FALSE,
1,1831,09/02/2022,33,,,FALSE,FALSE,FALSE,Movement 101 to GBRU on 08/15/2022,FALSE,
1,1832,09/01/2022,201,Calvin,,TRUE,FALSE,FALSE,Movement 101 to GBRW on 08/12/2022,FALSE,
1,1833,08/24/2022,149,,,TRUE,FALSE,FALSE,Movement 101 to GBRU on 08/12/2022,FALSE,
1,1834,08/31/2022,194,,,TRUE,FALSE,FALSE,Movement 311 from GBRW on 08/11/2022,FALSE,
1,1835,08/24/2022,238,,,TRUE,FALSE,FALSE,Movement 311 from GBRW on 08/09/2022,FALSE,
1,1836,09/02/2022,322,,,FALSE,FALSE,FALSE,Movement 101 to GBRW on 08/12/2022,FALSE,
1,1837,08/22/2022,317,,,TRUE,FALSE,FALSE,Movement 101 to GBRU on 08/12/2022,FALSE,
1,1838,08/24/2022,689,,,TRUE,FALSE,FALSE,Movement 261 from GBRC on 08/11/2022,FALSE,
1,1839,08/22/2022,384,,,TRUE,FALSE,FALSE,Movement 101 to GBRU on 08/11/2022,FALSE,
1,1840,09/01/2022,240,Mikayla,,TRUE,FALSE,FALSE,Verify Prev Count,FALSE,DO NOT TRUST TAGS.  Individually count open boxes
1,1841,08/22/2022,87,,,TRUE,FALSE,FALSE,Received Material,FALSE,
1,1842,08/22/2022,192,,,TRUE,FALSE,FALSE,Received Material,FALSE,
1,1843,08/24/2022,287,,,TRUE,FALSE,FALSE,Received Material,FALSE,
1,1844,08/22/2022,346,,,TRUE,FALSE,FALSE,Received Material,FALSE,
1,1845,08/22/2022,343,,,TRUE,FALSE,FALSE,Received Material,FALSE,
1,1846,08/24/2022,66,,,TRUE,FALSE,FALSE,Material Movement,FALSE,
1,1847,08/22/2022,224,wave2,vfy,TRUE,FALSE,FALSE,"Material Movement, verify prev ct",FALSE,
1,1848,08/22/2022,697,,info,TRUE,FALSE,FALSE,"Received Material, initial count, info",FALSE,
1,1849,08/22/2022,184,,,TRUE,FALSE,FALSE,Picked for Orders,FALSE,
1,1850,08/29/2022,55,Calvin,,FALSE,FALSE,FALSE,Picked for Orders 08-16-2022,FALSE,
1,1851,08/22/2022,96,,,TRUE,FALSE,FALSE,Picked for Orders 08-16-2022,FALSE,
1,1852,08/24/2022,686,,,TRUE,FALSE,FALSE,Movement 101 to GBRU on 8/15/2022,FALSE,
1,1853,08/24/2022,9,,,TRUE,FALSE,FALSE,Picked for Orders 08-16-2022,FALSE,
1,1854,08/25/2022,23,Tyree,,TRUE,FALSE,FALSE,Picked for Orders 08-16-2022,FALSE,
1,1855,08/25/2022,637,Tyree,,TRUE,FALSE,FALSE,Picked for Orders 08-16-2022,FALSE,
1,1856,08/31/2022,88,Mikayla,,TRUE,FALSE,FALSE,Picked for Orders 08-16-2022,FALSE,
1,1857,08/31/2022,104,Mikayla,,TRUE,FALSE,FALSE,Picked for Orders 08-16-2022,FALSE,
1,1858,09/02/2022,206,,,FALSE,FALSE,FALSE,Picked for Orders 08-16-2022,FALSE,Physically count open boxes
1,1859,09/02/2022,294,,,FALSE,FALSE,FALSE,Picked for Orders 08-16-2022,FALSE,Physically count open boxes
1,1860,09/02/2022,654,,,FALSE,FALSE,FALSE,Movement 101 to GBRU on 8/15/2022,FALSE,
1,1861,08/18/2022,679,,CM Ct,FALSE,FALSE,FALSE,CM Random Count,TRUE,
1,1862,08/18/2022,315,,CM Ct,FALSE,FALSE,FALSE,CM Random Count,TRUE,
1,1863,08/18/2022,343,,CM Ct,FALSE,FALSE,FALSE,CM Random Count,TRUE,
1,1864,08/18/2022,131,,CM Ct,FALSE,FALSE,FALSE,CM Random Count,TRUE,
1,1865,08/18/2022,184,,CM Ct,FALSE,FALSE,FALSE,CM Random Count,TRUE,
1,1866,08/18/2022,692,,CM Ct,FALSE,FALSE,FALSE,CM Random Count,TRUE,
1,1867,08/24/2022,698,,,TRUE,FALSE,FALSE,Received Material,FALSE,
1,1868,08/22/2022,222,wave2,Ryan,TRUE,FALSE,FALSE,Ryan red list,FALSE,
1,1869,08/22/2022,266,wave2,Ryan,TRUE,FALSE,FALSE,Ryan red list,FALSE,
1,1870,08/22/2022,229,wave2,Ryan,TRUE,FALSE,FALSE,Ryan red list,FALSE,
1,1871,08/22/2022,689,wave2,Ryan,TRUE,FALSE,FALSE,Ryan red list,FALSE,
1,1872,08/25/2022,563,Calvin,Ryan,TRUE,FALSE,FALSE,Ryan red list,FALSE,
1,1873,08/25/2022,662,Tyree,Ryan,TRUE,FALSE,FALSE,Ryan red list,FALSE,
1,1874,08/24/2022,229,,vfy,TRUE,FALSE,FALSE,Verify Prev Count,FALSE,Check HVC_AST_CAGE
1,1875,08/24/2022,111,,,TRUE,FALSE,FALSE,Movement 311 to GBRW on 08/18/2022,FALSE,
1,1876,08/30/2022,222,,SAP comp,TRUE,FALSE,FALSE,Find the missing 9,FALSE,
1,1877,08/29/2022,356,Calvin,reconc,FALSE,FALSE,FALSE,Reconcile Phys/SAP,FALSE,
1,1878,09/01/2022,98,Mikayla,,TRUE,FALSE,FALSE,Received Material,FALSE,
1,1879,08/31/2022,147,,,TRUE,FALSE,FALSE,Received Material,FALSE,
1,1882,08/29/2022,114,Calvin,,FALSE,FALSE,FALSE,Movement 311 to GBRW on 08/18/2022,FALSE,
1,1883,08/29/2022,120,Tyree,,TRUE,FALSE,FALSE,"Picked for Orders Aug. 16, 2022, 10:18 a.m.",FALSE,
1,1884,08/29/2022,224,Tyree,,TRUE,FALSE,FALSE,Movement 311 from GBRW on 08/18/2022,FALSE,
1,1885,08/29/2022,628,Calvin,,FALSE,FALSE,FALSE,Movement 311 to GBRW on 08/18/2022,FALSE,
1,1886,08/29/2022,96,Calvin,,TRUE,FALSE,FALSE,"Picked for Orders Aug. 16, 2022, 2:03 p.m.",FALSE,
1,1887,08/29/2022,692,Calvin,,FALSE,FALSE,FALSE,Movement 101 to GBRU on 08/17/2022,FALSE,
1,1888,08/29/2022,193,Calvin,,FALSE,FALSE,FALSE,"Picked for Orders Aug. 22, 2022, 10:09 a.m.",FALSE,
1,1889,08/29/2022,266,Calvin,,FALSE,FALSE,FALSE,Movement 261 from GBRC on 08/16/2022,FALSE,
1,1890,08/29/2022,223,Calvin,,FALSE,FALSE,FALSE,Movement 311 to GBRW on 08/18/2022,FALSE,
1,1891,08/29/2022,106,Calvin,,FALSE,FALSE,FALSE,Movement 311 to GBRW on 08/18/2022,FALSE,
1,1892,08/29/2022,184,Calvin,,TRUE,FALSE,FALSE,"Picked for Orders Aug. 22, 2022, 9:55 a.m.",FALSE,
1,1893,09/02/2022,258,,,FALSE,FALSE,FALSE,Movement 311 from GBRC on 08/22/2022,FALSE,
1,1894,09/02/2022,259,,,FALSE,FALSE,FALSE,Movement 101 to GBRU on 08/17/2022,FALSE,
1,1895,09/02/2022,261,,,FALSE,FALSE,FALSE,Movement 311 to GBRW on 8/22/2022,FALSE,
1,1896,09/02/2022,278,,,FALSE,FALSE,FALSE,Movement 101 to GBRU on 08/17/2022,FALSE,
1,1897,09/02/2022,688,,,TRUE,FALSE,FALSE,Movement 311 to GBRW on 08/18/2022,FALSE,
1,1898,09/02/2022,465,,,FALSE,FALSE,FALSE,Movement 101 to GBRU on 08/17/2022,FALSE,
1,1899,09/01/2022,28,Mikayla,,TRUE,FALSE,FALSE,Movement 311 to GBRW on 08/18/2022,FALSE,
1,1900,08/31/2022,85,Mikayla,,TRUE,FALSE,FALSE,Movement 101 to GBRU on 08/19/2022,FALSE,
1,1901,08/31/2022,87,,,TRUE,FALSE,FALSE,Movement 101 to GBRU on 08/19/2022,FALSE,
1,1902,08/31/2022,105,Mikayla,,TRUE,FALSE,FALSE,Picked for Orders -- --,FALSE,
1,1903,09/02/2022,132,,,TRUE,FALSE,FALSE,Movement 311 to GBRW on 08/17/2022,FALSE,
1,1904,08/31/2022,305,,,TRUE,FALSE,FALSE,Picked for Orders -- --,FALSE,
1,1905,08/31/2022,317,,,TRUE,FALSE,FALSE,Picked for Orders -- --,FALSE,
1,1906,09/02/2022,133,,,FALSE,FALSE,FALSE,Movement 311 from GBRW on 08/17/2022,FALSE,
1,1907,09/01/2022,235,Mikayla,,TRUE,FALSE,FALSE,Movement 261 from GBRW on 08/16/2022,FALSE,
1,1908,09/02/2022,489,,,FALSE,FALSE,FALSE,Movement 311 to GBRW on 08/17/2022,FALSE,
1,1909,09/02/2022,490,,,TRUE,FALSE,FALSE,Movement 311 to GBRW on 08/19/2022,FALSE,
1,1910,09/07/2022,335,Mikayla,,TRUE,FALSE,FALSE,Movement 311 to GBRW on 08/18/2022,FALSE,
1,1911,08/31/2022,394,,,TRUE,FALSE,FALSE,Movement 101 to GBRU on 08/16/2022,FALSE,
1,1912,09/01/2022,397,Mikayla,,TRUE,FALSE,FALSE,Movement 101 to GBRU on 08/16/2022,FALSE,
1,1913,08/31/2022,404,,,TRUE,FALSE,FALSE,Movement 311 from GBRW on 8/22/2022,FALSE,
1,1914,08/30/2022,91,,,TRUE,FALSE,FALSE,Movement 101 to GBRU on 08/16/2022,FALSE,
1,1915,08/31/2022,609,,,TRUE,FALSE,FALSE,Movement 101 to GBRU on 08/18/2022,FALSE,
1,1916,08/25/2022,9,Tyree,vfy,TRUE,FALSE,FALSE,Verify Prev Count,FALSE,
1,1917,08/25/2022,21,Tyree,,TRUE,FALSE,FALSE,Verify Prev Count,FALSE,
1,1918,08/23/2022,431,,,FALSE,FALSE,FALSE,,FALSE,
1,1919,08/29/2022,195,Calvin,,TRUE,FALSE,FALSE,,FALSE,
1,1920,08/29/2022,270,Calvin,,TRUE,FALSE,FALSE,,FALSE,
1,1921,08/29/2022,126,Calvin,,FALSE,FALSE,FALSE,,FALSE,
1,1922,08/29/2022,44,Calvin,,FALSE,FALSE,FALSE,,FALSE,
1,1923,08/29/2022,467,Calvin,,FALSE,FALSE,FALSE,,FALSE,
1,1924,08/29/2022,686,Calvin,,TRUE,FALSE,FALSE,,FALSE,
1,1925,08/29/2022,273,Calvin,,TRUE,FALSE,FALSE,,FALSE,
1,1926,08/29/2022,229,Calvin,,TRUE,FALSE,FALSE,,FALSE,
1,1927,08/29/2022,272,Calvin,,TRUE,FALSE,FALSE,,FALSE,
1,1928,08/29/2022,218,Calvin,,TRUE,FALSE,FALSE,"Ryan req, A-part",FALSE,
1,1929,08/29/2022,699,Calvin,,TRUE,FALSE,FALSE,Ryan req,FALSE,
1,1930,08/29/2022,66,Tyree,,TRUE,FALSE,FALSE,,FALSE,
1,1931,08/29/2022,654,Tyree,,TRUE,FALSE,FALSE,,FALSE,
1,1932,08/30/2022,700,,,TRUE,FALSE,TRUE,"get info from SAP, initiaql count",FALSE,
1,1933,08/30/2022,701,,,TRUE,FALSE,TRUE,"get info from SAP, initial count",FALSE,
1,1934,09/02/2022,192,,,FALSE,FALSE,FALSE,"Picked for Orders Aug. 24, 2022, 1:33 p.m.",FALSE,
1,1935,09/02/2022,343,,,FALSE,FALSE,FALSE,Movement 311 to GBRW on 08/23/2022,FALSE,
1,1936,09/02/2022,346,,,FALSE,FALSE,FALSE,Movement 311 to GBRW on 08/23/2022,FALSE,
1,1937,09/01/2022,9,Mikayla,,TRUE,FALSE,FALSE,"Picked for Orders Aug. 24, 2022, 11:19 a.m.",FALSE,
1,1938,09/01/2022,24,Calvin,,TRUE,FALSE,FALSE,"Picked for Orders Aug. 24, 2022, 12:04 p.m.",FALSE,
1,1939,08/31/2022,63,,,TRUE,FALSE,FALSE,"Picked for Orders Aug. 24, 2022, 11:55 a.m.",FALSE,
1,1940,09/02/2022,65,,,FALSE,FALSE,FALSE,"Picked for Orders Aug. 24, 2022, 3:11 p.m.",FALSE,
1,1941,09/02/2022,268,,,FALSE,FALSE,FALSE,"Picked for Orders Aug. 24, 2022, 11:08 a.m.",FALSE,
1,1942,09/06/2022,140,Mikayla,,TRUE,FALSE,FALSE,Movement 261 from GBRW on 08/23/2022,FALSE,
1,1943,09/06/2022,227,,,TRUE,FALSE,FALSE,Movement 311 from GBRW on 08/24/2022,FALSE,
1,1944,09/06/2022,232,Mikayla,,TRUE,FALSE,FALSE,Movement 261 from GBRW on 08/23/2022,FALSE,
1,1945,09/07/2022,238,Mikayla,,TRUE,FALSE,FALSE,Movement 261 from GBRW on 08/23/2022,FALSE,
1,1946,09/08/2022,242,,,TRUE,FALSE,FALSE,Movement 311 from GBRW on 08/24/2022,FALSE,
1,1947,09/08/2022,244,,,FALSE,FALSE,FALSE,Movement 311 from GBRW on 08/24/2022,FALSE,
1,1948,08/30/2022,218,,,TRUE,FALSE,FALSE,,FALSE,
1,1949,08/30/2022,699,,,TRUE,FALSE,FALSE,,FALSE,
1,1950,09/06/2022,44,,,TRUE,FALSE,FALSE,,FALSE,
1,1951,09/06/2022,55,,,TRUE,FALSE,FALSE,,FALSE,
1,1952,09/06/2022,106,,,TRUE,FALSE,TRUE,,FALSE,
1,1953,09/06/2022,114,,,TRUE,FALSE,FALSE,,FALSE,
1,1954,09/06/2022,126,,,TRUE,FALSE,FALSE,,FALSE,
1,1955,09/06/2022,193,,,TRUE,FALSE,FALSE,,FALSE,
1,1956,09/06/2022,223,,,TRUE,FALSE,FALSE,,FALSE,
1,1957,09/06/2022,266,,,TRUE,FALSE,FALSE,,FALSE,
1,1958,09/06/2022,279,Mikayla+Calvin,,TRUE,FALSE,TRUE,,FALSE,"Mikayla: 868 only, Calvin:HVC only"
1,1959,09/06/2022,356,,,TRUE,FALSE,FALSE,,FALSE,
1,1960,09/06/2022,467,,,TRUE,FALSE,FALSE,,FALSE,
1,1961,09/06/2022,628,,,TRUE,FALSE,FALSE,,FALSE,
1,1962,09/06/2022,692,,,TRUE,FALSE,FALSE,,FALSE,
1,1963,09/01/2022,83,Calvin,,TRUE,FALSE,FALSE,Received Material,FALSE,
1,1964,09/01/2022,702,Calvin,,TRUE,FALSE,FALSE,Received Material,FALSE,
1,1965,09/06/2022,315,Mikayla+Calvin,,TRUE,FALSE,FALSE,Received Material,FALSE,"Mikayla:868 only, Calvin:HVC only"
1,1966,08/30/2022,703,,,TRUE,FALSE,FALSE,"Received Material, initial count, get part type3",FALSE,
1,1967,08/30/2022,704,,,TRUE,FALSE,FALSE,"Received Material, initial count, get part type",FALSE,
1,1968,08/30/2022,273,,,TRUE,FALSE,FALSE,Verify Prev Count,FALSE,Check IQC thouroughly
1,1969,09/02/2022,131,,,TRUE,FALSE,FALSE,Picked for Orders -- --,FALSE,
1,1970,09/07/2022,135,Mikayla,,TRUE,FALSE,FALSE,Movement 261 from GBRW on 08/23/2022,FALSE,
1,1971,09/07/2022,142,Mikayla,,TRUE,FALSE,FALSE,Movement 261 from GBRW on 08/23/2022,FALSE,
1,1972,09/07/2022,196,Mikayla,,TRUE,FALSE,FALSE,Movement 261 from GBRW on 08/23/2022,FALSE,
1,1973,09/02/2022,247,,,FALSE,FALSE,FALSE,Movement 311 from GBRW on 08/24/2022,FALSE,
1,1974,09/02/2022,249,,,TRUE,FALSE,FALSE,Movement 311 from GBRW on 08/24/2022,FALSE,
1,1975,09/02/2022,256,,,FALSE,FALSE,FALSE,Movement 261 from GBRW on 08/23/2022,FALSE,
1,1976,09/02/2022,280,,,TRUE,FALSE,FALSE,Movement 261 from GBRW on 08/23/2022,FALSE,
1,1977,09/02/2022,311,,,FALSE,FALSE,FALSE,Movement 261 from GBRW on 08/23/2022,FALSE,
1,1978,09/01/2022,120,Mikayla,,TRUE,FALSE,FALSE,Picked for Orders -- --,FALSE,
1,1980,09/02/2022,287,,,FALSE,FALSE,FALSE,Movement 101 to GBRU on 08/29/2022,FALSE,
1,1981,09/06/2022,637,,,TRUE,FALSE,FALSE,Picked for Orders -- --,FALSE,
1,1982,09/06/2022,224,,,TRUE,FALSE,FALSE,Picked for Orders -- --,FALSE,
1,1983,09/07/2022,229,Calvin,,TRUE,FALSE,FALSE,Movement 261 from GBRC on 08/23/2022,FALSE,
1,1984,08/31/2022,131,Mikayla,Ryan,TRUE,FALSE,FALSE,Ryan request,FALSE,DO NOT TRUST THE IMS TAGS!!!  Open the boxes at SMC
1,1985,09/21/2022,305,Mervin,,TRUE,FALSE,FALSE,Received Material,FALSE,
1,1986,09/07/2022,697,Calvin,,TRUE,FALSE,FALSE,,FALSE,
1,1987,09/01/2022,224,Mikayla,,TRUE,FALSE,FALSE,,FALSE,
1,1988,09/01/2022,315,Calvin,Ryan,TRUE,FALSE,FALSE,,FALSE,
1,1989,09/01/2022,273,Calvin,Ryan,TRUE,FALSE,FALSE,,FALSE,
1,1990,09/02/2022,699,,,FALSE,FALSE,FALSE,,FALSE,
1,1991,09/07/2022,61,Calvin,,TRUE,FALSE,FALSE,"Picked for Orders Aug. 29, 2022, 12:28 p.m.",FALSE,
1,1992,09/06/2022,218,,,TRUE,FALSE,TRUE,Picked for Orders -- --,FALSE,
1,1993,09/02/2022,120,,,TRUE,FALSE,FALSE,,FALSE,
1,1994,09/02/2022,224,,,TRUE,FALSE,FALSE,,FALSE,
1,1996,09/21/2022,280,Calvin,,TRUE,FALSE,FALSE,,FALSE,
1,1997,09/06/2022,699,,,TRUE,FALSE,FALSE,Stabilize Count,FALSE,
1,1998,09/06/2022,120,,,TRUE,FALSE,FALSE,Material Movement,FALSE,
1,1999,09/06/2022,222,Mikayla,,TRUE,FALSE,FALSE,,FALSE,
1,2000,09/06/2022,343,Mikayla,,TRUE,FALSE,FALSE,,FALSE,
1,2001,09/06/2022,346,Mikayla,,TRUE,FALSE,FALSE,,FALSE,
1,2004,09/19/2022,689,Calvin,Ryan,TRUE,FALSE,FALSE,"Picked for Picklist PK22090001 at Sept. 2, 2022, 7:50 a.m.",FALSE,
1,2005,09/08/2022,266,,,FALSE,FALSE,FALSE,,FALSE,
1,2006,09/08/2022,229,,,FALSE,FALSE,FALSE,,FALSE,
1,2007,09/08/2022,278,,,FALSE,FALSE,FALSE,,FALSE,
1,2008,09/08/2022,33,,,TRUE,FALSE,FALSE,,FALSE,
1,2009,09/08/2022,66,,,TRUE,FALSE,FALSE,,FALSE,
1,2010,09/08/2022,65,,,TRUE,FALSE,FALSE,,FALSE,
1,2011,09/08/2022,23,,,FALSE,FALSE,FALSE,,FALSE,
1,2012,09/08/2022,24,,,FALSE,FALSE,FALSE,,FALSE,
1,2013,09/09/2022,705,,,TRUE,FALSE,FALSE,Received Material,FALSE,
1,2014,09/09/2022,706,,,TRUE,FALSE,FALSE,Received Material,FALSE,
1,2016,09/13/2022,279,,,TRUE,FALSE,FALSE,Movement 262 to GBRC on 09/07/2022,FALSE,
1,2017,09/12/2022,686,,vfy,TRUE,FALSE,FALSE,"Verify Prev Ct, Picked for Picklist PK22090001 on Sept. 2, 2022, 8:01 a.m.",FALSE,
1,2019,09/12/2022,704,,vfy,TRUE,FALSE,FALSE,"Verify Count, Movement 101 to GBRU on 09/07/2022",FALSE,
1,2020,09/09/2022,120,,,TRUE,FALSE,FALSE,"Picked for Picklist PK22090005 on Sept. 7, 2022, 1:39 p.m.",FALSE,
1,2021,09/16/2022,192,,,TRUE,FALSE,FALSE,"Picked for Picklist PK22090002 on Sept. 2, 2022, 9:34 a.m.",FALSE,
1,2022,09/12/2022,224,,vfy,TRUE,FALSE,FALSE,"Verify, Picked for Picklist PK22090004 on Sept. 7, 2022, 10:02 a.m.",FALSE,
1,2023,09/12/2022,628,,vfy,TRUE,FALSE,FALSE,"Verify Prev Ct, Picked for Picklist PK22090002 on Sept. 2, 2022, 9:24 a.m.",FALSE,
1,2024,09/16/2022,104,,,TRUE,FALSE,FALSE,"Picked for Picklist PK22090001 on Sept. 2, 2022, 7:16 a.m.",FALSE,
1,2025,09/22/2022,563,,,TRUE,FALSE,FALSE,"Picked for Picklist PK22090001 on Sept. 2, 2022, 7:22 a.m.",FALSE,
1,2026,09/16/2022,98,,,TRUE,FALSE,FALSE,Movement 311 from GBRU on 09/07/2022,FALSE,
1,2027,09/20/2022,133,,,TRUE,FALSE,FALSE,"Picked for Picklist PK22090001 on Sept. 2, 2022, 7:26 a.m.",FALSE,
1,2028,09/21/2022,149,Mervin,,TRUE,FALSE,FALSE,"Picked for Picklist PK22090001 on Sept. 2, 2022, 7:48 a.m.",FALSE,
1,2029,09/16/2022,247,,,TRUE,FALSE,FALSE,"Picked for Picklist PK22090003 on Sept. 2, 2022, 2:52 p.m.",FALSE,
1,2030,09/22/2022,287,,,TRUE,FALSE,FALSE,Movement 311 from GBRW on 09/01/2022,FALSE,
1,2031,09/21/2022,311,Mervin,,TRUE,FALSE,FALSE,"Picked for Picklist PK22090001 on Sept. 2, 2022, 7:21 a.m.",FALSE,
1,2032,09/16/2022,322,,,TRUE,FALSE,FALSE,"Picked for Picklist PK22090003 on Sept. 2, 2022, 3:37 p.m.",FALSE,
1,2033,09/09/2022,479,,,TRUE,FALSE,FALSE,Movement 101 to GBRW on 09/02/2022,FALSE,
1,2034,09/15/2022,489,,,TRUE,FALSE,FALSE,Movement 101 to GBRU on 09/07/2022,FALSE,
1,2035,09/13/2022,698,,,TRUE,FALSE,FALSE,"Picked for Picklist PK22090003 on Sept. 2, 2022, 3:24 p.m.",FALSE,
1,2036,09/16/2022,147,,,TRUE,FALSE,FALSE,"Picked for Picklist PK22090001 on Sept. 2, 2022, 7:30 a.m.",FALSE,
1,2037,09/16/2022,432,,,TRUE,FALSE,FALSE,"Picked for Picklist PK22090001 on Sept. 2, 2022, 7:17 a.m.",FALSE,
1,2038,09/14/2022,703,,,FALSE,FALSE,FALSE,Movement 311 from GBRU on 09/06/2022,FALSE,
1,2039,09/09/2022,394,,,TRUE,FALSE,FALSE,Movement 101 to GBRU on 09/07/2022,FALSE,
1,2040,09/09/2022,397,,,TRUE,FALSE,FALSE,Movement 101 to GBRU on 09/07/2022,FALSE,
1,2041,09/21/2022,85,Mervin,,TRUE,FALSE,FALSE,Movement 311 from GBRU on 09/01/2022,FALSE,
1,2042,09/21/2022,87,Mervin,,TRUE,FALSE,FALSE,"Picked for Picklist PK22090004 on Sept. 7, 2022, 1:10 p.m.",FALSE,
1,2043,09/16/2022,268,,,TRUE,FALSE,FALSE,"Picked for Picklist PK22090002 on Sept. 2, 2022, 9:17 a.m.",FALSE,
1,2044,09/15/2022,554,,,TRUE,FALSE,FALSE,"Picked for Picklist PK22090002 at Sept. 2, 2022, 8:12 a.m.",FALSE,
1,2045,09/09/2022,702,,,TRUE,FALSE,FALSE,Movement 311 from GBRW on 09/02/2022,FALSE,
1,2046,09/23/2022,20,Mervin,,TRUE,FALSE,FALSE,Movement 101 to GBRU on 09/02/2022,FALSE,
1,2047,09/21/2022,423,Nickkia,,TRUE,FALSE,FALSE,"Picked for Picklist PK22090003 on Sept. 2, 2022, 3 p.m.",FALSE,
1,2048,09/16/2022,424,,,FALSE,FALSE,FALSE,"Picked for Picklist PK22090003 on Sept. 2, 2022, 2:43 p.m.",FALSE,
1,2049,09/15/2022,425,,,TRUE,FALSE,FALSE,"Picked for Picklist PK22090003 on Sept. 2, 2022, 2:32 p.m.",FALSE,
1,2050,09/15/2022,426,,,TRUE,FALSE,FALSE,Movement 101 to GBRW on 09/02/2022,FALSE,
1,2051,09/16/2022,654,,,FALSE,FALSE,FALSE,Movement 101 to GBRU on 09/07/2022,FALSE,
1,2052,09/09/2022,2,,,TRUE,FALSE,FALSE,Movement 101 to GBRU on 09/02/2022,FALSE,
1,2053,09/09/2022,6,,,TRUE,FALSE,FALSE,Movement 101 to GBRU on 09/02/2022,FALSE,
1,2054,09/09/2022,130,,,TRUE,FALSE,FALSE,"Picked for Picklist PK22090003 on Sept. 2, 2022, 2:31 p.m.",FALSE,What part type is this?
1,2055,09/15/2022,487,,,TRUE,FALSE,FALSE,Movement 101 to GBRU on 09/02/2022,FALSE,
1,2056,09/14/2022,542,,,FALSE,FALSE,FALSE,Movement 101 to GBRW on 09/07/2022,FALSE,
1,2057,09/12/2022,270,,vfy,TRUE,FALSE,FALSE,Verify Prev Count,FALSE,
1,2059,09/15/2022,23,,,TRUE,FALSE,FALSE,,FALSE,
1,2060,09/16/2022,21,,,TRUE,FALSE,FALSE,,FALSE,
1,2061,09/21/2022,206,Mervin,,TRUE,FALSE,FALSE,,FALSE,
1,2062,09/16/2022,152,,,TRUE,FALSE,FALSE,,FALSE,
1,2064,09/16/2022,700,,,TRUE,FALSE,FALSE,,FALSE,
1,2065,09/21/2022,172,Mervin,,TRUE,FALSE,FALSE,,FALSE,
1,2066,09/21/2022,220,Nickkia,,FALSE,FALSE,FALSE,,FALSE,
1,2067,09/23/2022,234,Mervin,,TRUE,FALSE,FALSE,,FALSE,
1,2068,09/21/2022,235,Mervin,,TRUE,FALSE,FALSE,,FALSE,
1,2069,09/22/2022,238,,,TRUE,FALSE,FALSE,,FALSE,
1,2070,09/23/2022,240,Mervin,,FALSE,FALSE,FALSE,,FALSE,
1,2071,09/22/2022,244,,,TRUE,FALSE,FALSE,,FALSE,
1,2072,09/23/2022,256,Mervin,,FALSE,FALSE,FALSE,,FALSE,
1,2073,09/20/2022,399,,,TRUE,FALSE,FALSE,,FALSE,
1,2074,09/23/2022,684,Mervin,,FALSE,FALSE,FALSE,,FALSE,
1,2075,09/23/2022,660,Mervin,,TRUE,FALSE,FALSE,,FALSE,
1,2076,09/15/2022,10,,,TRUE,FALSE,FALSE,,FALSE,
1,2077,09/15/2022,12,,,TRUE,FALSE,FALSE,,FALSE,
1,2078,09/15/2022,19,,,TRUE,FALSE,FALSE,,FALSE,
1,2079,09/15/2022,32,,,TRUE,FALSE,FALSE,,FALSE,
1,2080,09/20/2022,326,,,TRUE,FALSE,FALSE,,FALSE,
1,2081,09/20/2022,550,,,TRUE,FALSE,FALSE,,FALSE,
1,2082,09/20/2022,625,,,TRUE,FALSE,FALSE,,FALSE,
1,2084,09/16/2022,373,,,TRUE,FALSE,FALSE,,FALSE,
1,2085,09/16/2022,374,,,TRUE,FALSE,FALSE,,FALSE,
1,2086,09/16/2022,386,,,FALSE,FALSE,FALSE,,FALSE,
1,2087,09/21/2022,8,Nickkia,,FALSE,FALSE,FALSE,,FALSE,
1,2088,09/21/2022,18,Nickkia,,TRUE,FALSE,FALSE,,FALSE,
1,2089,09/21/2022,29,Nickkia,,TRUE,FALSE,FALSE,,FALSE,
1,2090,09/21/2022,297,Calvin,,TRUE,FALSE,FALSE,,FALSE,
1,2091,09/21/2022,422,Mervin,,TRUE,FALSE,FALSE,,FALSE,
1,2092,09/21/2022,436,Calvin,,TRUE,FALSE,FALSE,,FALSE,
1,2093,09/12/2022,96,,vfy,TRUE,FALSE,FALSE,Verify Prev Count,FALSE,
1,2094,09/12/2022,184,,vfy,TRUE,FALSE,FALSE,Verify Prev Count,FALSE,
1,2095,09/12/2022,218,,vfy,TRUE,FALSE,FALSE,Verify Prev Count,FALSE,
1,2096,09/12/2022,229,,vfy,TRUE,FALSE,FALSE,Verify Prev Count,FALSE,
1,2097,09/12/2022,258,,vfy,TRUE,FALSE,FALSE,Verify Prev Count,FALSE,
1,2098,09/12/2022,259,,vfy,TRUE,FALSE,FALSE,Verify Prev Count,FALSE,
1,2099,09/12/2022,688,,vfy,TRUE,FALSE,FALSE,Verify Prev Count,FALSE,
1,2100,09/12/2022,266,,vfy,TRUE,FALSE,FALSE,Verify Prev Count,FALSE,
1,2101,09/12/2022,273,,vfy,TRUE,FALSE,FALSE,Verify Prev Count,FALSE,
1,2102,09/12/2022,315,,vfy,TRUE,FALSE,FALSE,Verify Prev Count,FALSE,
1,2103,09/12/2022,697,,vfy,TRUE,FALSE,FALSE,Verify Prev Count,FALSE,
1,2104,09/12/2022,465,,vfy,TRUE,FALSE,FALSE,Verify Prev Count,FALSE,
1,2105,09/12/2022,466,,vfy,TRUE,FALSE,FALSE,Verify Prev Count,FALSE,
1,2106,09/13/2022,505,,Audit,TRUE,FALSE,FALSE,Audit,FALSE,
1,2107,09/13/2022,23,,Audit,TRUE,FALSE,FALSE,Audit,FALSE,
1,2108,09/16/2022,193,,,TRUE,FALSE,FALSE,"Picked for Picklist PK22090006 on Sept. 8, 2022, 2:59 p.m.",FALSE,
1,2109,09/16/2022,229,,,TRUE,FALSE,FALSE,"Picked for Picklist PK22090007 on Sept. 8, 2022, 3:13 p.m.",FALSE,
1,2110,09/19/2022,120,Calvin,Ryan,TRUE,FALSE,FALSE,"Picked for Picklist PK22090009 on Sept. 9, 2022, 7:35 a.m.",FALSE,
1,2111,09/19/2022,218,Calvin,Ryan,TRUE,FALSE,FALSE,"Picked for Picklist PK22090009 on Sept. 9, 2022, 8:43 a.m.",FALSE,
1,2112,09/19/2022,628,Mikayla,,TRUE,FALSE,FALSE,"Picked for Picklist PK22090009 on Sept. 9, 2022, 8:53 a.m.",FALSE,
1,2113,09/19/2022,196,Calvin,,TRUE,FALSE,FALSE,"Picked for Picklist PK22090008 on Sept. 8, 2022, 3:57 p.m.",FALSE,
1,2114,09/23/2022,227,Calvin,,TRUE,FALSE,FALSE,"Picked for Picklist PK22090008 on Sept. 8, 2022, 3:45 p.m.",FALSE,
1,2115,09/21/2022,335,Nickkia,,FALSE,FALSE,FALSE,"Picked for Picklist PK22090007 on Sept. 8, 2022, 2:53 p.m.",FALSE,
1,2116,09/20/2022,404,,,TRUE,FALSE,FALSE,"Picked for Picklist PK22090008 on Sept. 8, 2022, 4:02 p.m.",FALSE,
1,2117,09/19/2022,9,Mikayla,,TRUE,FALSE,FALSE,"Picked for Picklist PK22090010 on Sept. 9, 2022, 9:36 a.m.",FALSE,
1,2118,09/23/2022,24,Mervin,,FALSE,FALSE,FALSE,"Picked for Picklist PK22090009 on Sept. 9, 2022, 7:52 a.m.",FALSE,
1,2119,09/23/2022,63,Mervin,,TRUE,FALSE,FALSE,"Picked for Picklist PK22090009 on Sept. 9, 2022, 7:09 a.m.",FALSE,
1,2120,09/19/2022,55,Calvin,Ryan,TRUE,FALSE,FALSE,,FALSE,
1,2121,09/19/2022,266,Calvin,Ryan,TRUE,FALSE,FALSE,,FALSE,
1,2122,09/19/2022,229,Calvin,Ryan,TRUE,FALSE,FALSE,,FALSE,
1,2123,09/19/2022,279,Calvin,Ryan,TRUE,FALSE,FALSE,,FALSE,
1,2124,09/19/2022,688,Calvin,Ryan,TRUE,FALSE,FALSE,,FALSE,
1,2125,09/19/2022,467,Calvin,Ryan,TRUE,FALSE,FALSE,,FALSE,
1,2126,09/19/2022,356,Calvin,Ryan,TRUE,FALSE,FALSE,,FALSE,
1,2127,09/19/2022,192,Mikayla,Ryan,TRUE,FALSE,FALSE,,FALSE,
1,2128,09/19/2022,224,Mikayla,Ryan-T,TRUE,FALSE,FALSE,,FALSE,
1,2129,09/19/2022,223,Mikayla,Ryan,TRUE,FALSE,FALSE,,FALSE,
1,2130,09/19/2022,184,Mikayla,Ryan-T,TRUE,FALSE,FALSE,,FALSE,
1,2131,09/20/2022,224,,Ryan,TRUE,FALSE,FALSE,,FALSE,
1,2132,09/20/2022,55,,,TRUE,FALSE,FALSE,Material Movement,FALSE,Physically count!!
1,2133,09/21/2022,193,Mervin,,TRUE,FALSE,FALSE,Material Movement,FALSE,
1,2134,09/21/2022,713,Calvin,,TRUE,FALSE,FALSE,Initial Count,FALSE,What part type is this?
1,2135,09/21/2022,218,Mervin,vfy,TRUE,FALSE,FALSE,Verify Prev Count,FALSE,Physically count open boxes!!
1,2136,09/21/2022,130,Calvin,,TRUE,FALSE,FALSE,Movement 101 to GBRU on 9/16/2022,FALSE,
1,2137,09/26/2022,229,,,TRUE,FALSE,FALSE,"Picked for Picklist PK22090020 on Sept. 20, 2022, 7:58 a.m.",FALSE,
1,2138,09/26/2022,258,,,TRUE,FALSE,FALSE,"Picked for Picklist PK22090018 on Sept. 19, 2022, 9:32 a.m.",FALSE,
1,2139,09/23/2022,259,Mervin,,TRUE,FALSE,FALSE,Movement 502 from GBRC on 9/16/2022,FALSE,
1,2140,09/21/2022,278,Calvin,,TRUE,FALSE,FALSE,Movement 311 from GBRC on 09/13/2022,FALSE,
1,2141,09/21/2022,279,Calvin,,TRUE,FALSE,FALSE,Movement 101 to GBRU on 09/13/2022,FALSE,
1,2142,09/26/2022,315,,,FALSE,FALSE,FALSE,"Picked for Picklist PK22090021 on Sept. 20, 2022, 8:38 a.m.",FALSE,
1,2143,09/26/2022,356,,,TRUE,FALSE,FALSE,"Picked for Picklist PK22090021 on Sept. 20, 2022, 8:47 a.m.",FALSE,
1,2144,09/26/2022,686,,,TRUE,FALSE,FALSE,Movement 311 from GBRC on 9/19/2022,FALSE,
1,2145,09/26/2022,91,,,TRUE,FALSE,FALSE,Picked for Picklist PK22090016 on -- --,FALSE,
1,2146,09/21/2022,195,Calvin,,TRUE,FALSE,FALSE,Movement 311 from GBRW on 9/16/2022,FALSE,
1,2147,09/26/2022,704,,,TRUE,FALSE,FALSE,Picked for Picklist PK22090016 on -- --,FALSE,
1,2148,09/21/2022,689,Calvin,,TRUE,FALSE,FALSE,Verify Prev Count,FALSE,
1,2149,09/26/2022,192,,,TRUE,FALSE,FALSE,Movement 311 from GBRW on 9/16/2022,FALSE,
1,2150,09/23/2022,135,Calvin,,FALSE,FALSE,FALSE,"Picked for Picklist PK22090021 on Sept. 19, 2022, 3:04 p.m.",FALSE,
1,2151,09/23/2022,140,Calvin,,FALSE,FALSE,FALSE,"Picked for Picklist PK22090018 on Sept. 19, 2022, 7:47 a.m.",FALSE,
1,2152,09/21/2022,142,Mervin,,TRUE,FALSE,FALSE,"Picked for Picklist PK22090018 on Sept. 19, 2022, 8:07 a.m.",FALSE,
1,2153,09/21/2022,232,Mervin,,TRUE,FALSE,FALSE,Picked for Picklist PK22090015 on -- --,FALSE,
1,2154,09/27/2022,242,,,FALSE,FALSE,FALSE,"Picked for Picklist PK22090019 on Sept. 19, 2022, 9:53 a.m.",FALSE,
1,2155,09/21/2022,247,Mervin,,TRUE,FALSE,FALSE,"Picked for Picklist PK22090019 on Sept. 19, 2022, 10:02 a.m.",FALSE,
1,2156,09/21/2022,249,Nickkia,,TRUE,FALSE,FALSE,Movement 101 to GBRW on 09/16/2022,FALSE,
1,2157,09/27/2022,251,,,FALSE,FALSE,FALSE,Movement 101 to GBRU on 9/16/2022,FALSE,
1,2158,09/22/2022,322,,,TRUE,FALSE,FALSE,Movement 101 to GBRW on 09/13/2022,FALSE,
1,2159,09/23/2022,479,Calvin,,TRUE,FALSE,FALSE,Movement 101 to GBRU on 9/16/2022,FALSE,
1,2160,09/22/2022,487,,,TRUE,FALSE,FALSE,Movement 101 to GBRU on 9/19/2022,FALSE,
1,2161,09/23/2022,489,Calvin,,TRUE,FALSE,FALSE,Movement 101 to GBRU on 9/16/2022,FALSE,
1,2162,09/22/2022,490,,,TRUE,FALSE,FALSE,Movement 101 to GBRU on 9/16/2022,FALSE,
1,2163,09/27/2022,698,,,FALSE,FALSE,FALSE,"Picked for Picklist PK22090019 on Sept. 19, 2022, 10:28 a.m.",FALSE,
1,2164,09/23/2022,147,Calvin,,FALSE,FALSE,FALSE,"Picked for Picklist PK22090021 on Sept. 19, 2022, 3:07 p.m.",FALSE,
1,2165,09/28/2022,703,,,FALSE,FALSE,FALSE,"Picked for Picklist PK22090021 on Sept. 20, 2022, 7:59 a.m.",FALSE,
1,2166,09/28/2022,394,,,FALSE,FALSE,FALSE,"Picked for Picklist PK22090014 on Sept. 15, 2022, 2:55 p.m.",FALSE,
1,2167,09/28/2022,397,,,FALSE,FALSE,FALSE,"Picked for Picklist PK22090018 on Sept. 19, 2022, 8:30 a.m.",FALSE,
1,2168,09/27/2022,65,,,FALSE,FALSE,FALSE,"Picked for Picklist PK22090013 on Sept. 16, 2022, 8:54 a.m.",FALSE,
1,2169,09/23/2022,66,Mervin,,FALSE,FALSE,FALSE,"Picked for Picklist PK22090017 on Sept. 16, 2022, 12:57 p.m.",FALSE,
1,2170,09/27/2022,83,,,FALSE,FALSE,FALSE,"Picked for Picklist PK22090013 on Sept. 16, 2022, 8:32 a.m.",FALSE,
1,2171,09/22/2022,702,,,TRUE,FALSE,FALSE,"Picked for Picklist PK22090013 on Sept. 15, 2022, 12:07 p.m.",FALSE,
1,2172,09/28/2022,94,,,FALSE,FALSE,FALSE,Picked for Picklist PK22090016 on -- --,FALSE,
1,2173,09/21/2022,318,Mervin,,TRUE,FALSE,FALSE,"Picked for Picklist PK22090021 on Sept. 20, 2022, 8:04 a.m.",FALSE,
1,2174,09/23/2022,424,Calvin,,FALSE,FALSE,FALSE,Movement 101 to GBRW on 09/13/2022,FALSE,
1,2175,09/28/2022,426,,,FALSE,FALSE,FALSE,Picked for Picklist PK22090019 on -- --,FALSE,
1,2176,09/27/2022,6,,,FALSE,FALSE,FALSE,Movement 101 to GBRU on 09/13/2022,FALSE,
1,2177,09/28/2022,10,,,FALSE,FALSE,FALSE,Movement 101 to GBRW on 09/14/2022,FALSE,
1,2178,09/28/2022,12,,,FALSE,FALSE,FALSE,Movement 101 to GBRU on 9/20/2022,FALSE,
1,2179,09/21/2022,710,Calvin,,TRUE,FALSE,FALSE,Movement 101 to GBRU on 09/15/2022,FALSE,
1,2180,09/21/2022,711,Calvin,,TRUE,FALSE,FALSE,Movement 101 to GBRU on 09/14/2022,FALSE,
1,2181,09/21/2022,714,Calvin,,TRUE,FALSE,FALSE,Movement 501 to GBRC on 09/16/2022,FALSE,
1,2182,09/21/2022,722,Calvin,,TRUE,FALSE,FALSE,Movement 501 to GBRC on 9/16/2022,FALSE,
1,2183,09/21/2022,542,Calvin,,TRUE,FALSE,FALSE,"Picked for Picklist PK22090021 on Sept. 20, 2022, 8:24 a.m.",FALSE,
1,2185,09/22/2022,671,,,TRUE,FALSE,FALSE,Verify Prev Count,FALSE,
1,2186,09/22/2022,315,Calvin,Ryan,TRUE,FALSE,FALSE,,FALSE,
1,2187,09/22/2022,266,Calvin,Ryan,TRUE,FALSE,FALSE,,FALSE,
1,2188,09/22/2022,278,Calvin,Ryan,FALSE,FALSE,FALSE,,FALSE,
1,2189,09/22/2022,259,Calvin,Ryan,TRUE,FALSE,FALSE,,FALSE,
1,2190,09/22/2022,714,Calvin,Ryan,FALSE,FALSE,FALSE,,FALSE,
1,2191,09/22/2022,273,Calvin,Ryan,TRUE,FALSE,FALSE,,FALSE,
1,2192,09/22/2022,272,Calvin,Ryan,TRUE,FALSE,FALSE,,FALSE,
1,2193,09/22/2022,261,Calvin,Ryan,TRUE,FALSE,FALSE,,FALSE,
1,2194,09/22/2022,279,Calvin,Ryan,TRUE,FALSE,FALSE,,FALSE,
1,2195,09/22/2022,229,Calvin,Ryan,TRUE,FALSE,FALSE,,FALSE,
1,2196,09/23/2022,193,Calvin,,TRUE,FALSE,FALSE,Verify Prev Count,FALSE,
1,2197,09/28/2022,224,,,FALSE,FALSE,FALSE,Received Material,FALSE,
1,2198,09/26/2022,465,,,TRUE,FALSE,FALSE,Movement 101 to GBRU on 09/21/2022,FALSE,
1,2199,09/26/2022,727,,,TRUE,FALSE,FALSE,Movement 309 to GBRW on 09/20/2022,FALSE,
1,2200,09/28/2022,689,,,FALSE,FALSE,FALSE,"Picked for Picklist PK22090025 on Sept. 21, 2022, 2:43 p.m.",FALSE,
1,2201,09/23/2022,120,Mervin,,TRUE,FALSE,FALSE,"Picked for Picklist PK22090024 on Sept. 22, 2022, 8:25 a.m.",FALSE,
1,2202,09/26/2022,671,,,TRUE,FALSE,FALSE,"Picked for Picklist PK22090026 on Sept. 22, 2022, 7:59 a.m.",FALSE,
1,2203,09/26/2022,218,,,FALSE,FALSE,FALSE,"Picked for Picklist PK22090024 on Sept. 21, 2022, 12:20 p.m.",FALSE,
1,2204,09/23/2022,628,Calvin,,TRUE,FALSE,FALSE,"Picked for Picklist PK22090024 on Sept. 21, 2022, 12:14 p.m.",FALSE,
1,2205,09/27/2022,104,,,FALSE,FALSE,FALSE,"Picked for Picklist PK22090028 on Sept. 22, 2022, 10:39 a.m.",FALSE,
1,2206,09/23/2022,563,Calvin,,FALSE,FALSE,FALSE,"Picked for Picklist PK22090025 on Sept. 21, 2022, 1:15 p.m.",FALSE,
1,2207,09/27/2022,254,,,FALSE,FALSE,FALSE,"Picked for Picklist PK22090025 on Sept. 21, 2022, 2:33 p.m.",FALSE,
1,2208,09/27/2022,311,,,FALSE,FALSE,FALSE,"Picked for Picklist PK22090027 on Sept. 22, 2022, 10:16 a.m.",FALSE,
1,2209,09/27/2022,335,,,FALSE,FALSE,FALSE,"Picked for Picklist PK22090028 on Sept. 22, 2022, 10:59 a.m.",FALSE,
1,2210,09/28/2022,432,,,FALSE,FALSE,FALSE,"Picked for Picklist PK22090028 on Sept. 22, 2022, 10:23 a.m.",FALSE,
1,2211,09/29/2022,404,,,FALSE,FALSE,FALSE,"Picked for Picklist PK22090025 on Sept. 21, 2022, 1:37 p.m.",FALSE,
1,2212,09/29/2022,23,,,FALSE,FALSE,FALSE,"Picked for Picklist PK22090026 on Sept. 22, 2022, 7:39 a.m.",FALSE,
1,2213,09/29/2022,637,,,FALSE,FALSE,FALSE,Movement 101 to GBRU on 09/21/2022,FALSE,
1,2214,09/30/2022,22,,,TRUE,FALSE,FALSE,Movement 311 from GBRW on 09/21/2022,FALSE,
1,2215,09/28/2022,318,,vfy,FALSE,FALSE,FALSE,"Picked for Picklist PK22090028 on Sept. 22, 2022, 10:57 a.m.",FALSE,
1,2216,09/29/2022,654,,,FALSE,FALSE,FALSE,Movement 311 from GBRW on 09/21/2022,FALSE,
1,2217,09/26/2022,61,,,FALSE,FALSE,FALSE,,FALSE,
1,2218,09/26/2022,67,,,TRUE,FALSE,FALSE,,FALSE,
1,2219,09/26/2022,131,,,FALSE,FALSE,FALSE,,FALSE,
1,2220,09/26/2022,130,,,TRUE,FALSE,FALSE,,FALSE,
1,2221,09/26/2022,263,,,FALSE,FALSE,FALSE,,FALSE,
1,2222,09/26/2022,270,,,TRUE,FALSE,FALSE,,FALSE,
1,2223,09/27/2022,271,,,FALSE,FALSE,FALSE,,FALSE,
1,2224,09/27/2022,274,,,FALSE,FALSE,FALSE,,FALSE,
1,2225,09/27/2022,313,,,FALSE,FALSE,FALSE,,FALSE,
1,2226,09/28/2022,678,,,FALSE,FALSE,FALSE,,FALSE,
1,2227,09/28/2022,679,,,FALSE,FALSE,FALSE,,FALSE,
1,2228,09/27/2022,419,,,FALSE,FALSE,FALSE,,FALSE,
1,2229,09/26/2022,467,,,TRUE,FALSE,FALSE,,FALSE,
1,2230,09/30/2022,20,,,FALSE,FALSE,FALSE,,FALSE,
1,2231,09/30/2022,63,,,FALSE,FALSE,FALSE,,FALSE,
1,2232,09/30/2022,227,,,FALSE,FALSE,FALSE,,FALSE,
1,2233,09/30/2022,479,,,FALSE,FALSE,FALSE,,FALSE,
1,2234,09/26/2022,628,,,FALSE,FALSE,FALSE,,FALSE,
1,2235,10/06/2022,729,Calvin,Jia,FALSE,FALSE,FALSE,,FALSE,Locate the box opened by Engineering!!
1,2236,10/07/2022,729,Calvin,Jia,FALSE,FALSE,FALSE,,FALSE,
1,2237,10/12/2022,729,Calvin,Jia,FALSE,FALSE,FALSE,,FALSE,
1,2238,10/17/2022,729,Calvin,Jia,FALSE,FALSE,FALSE,,FALSE,
1,2239,10/20/2022,729,Calvin,Jia,FALSE,FALSE,FALSE,,FALSE,
1,2240,10/25/2022,729,Calvin,Jia,FALSE,FALSE,FALSE,,FALSE,
1,2241,10/28/2022,729,Calvin,Jia,FALSE,FALSE,FALSE,,FALSE,
1,2242,11/02/2022,729,Calvin,Jia,FALSE,FALSE,FALSE,,FALSE,
1,2243,11/07/2022,729,Calvin,Jia,FALSE,FALSE,FALSE,,FALSE,
1,2244,10/05/2022,730,Calvin,,FALSE,FALSE,FALSE,,FALSE,
1,2245,10/03/2022,120,,,FALSE,FALSE,FALSE,,FALSE,
1,2246,10/03/2022,224,,,FALSE,FALSE,FALSE,,FALSE,
1,2247,10/03/2022,628,,,FALSE,FALSE,FALSE,,FALSE,
1,2248,10/03/2022,218,,,FALSE,FALSE,FALSE,,FALSE,
1,2249,10/03/2022,193,,,FALSE,FALSE,FALSE,,FALSE,
1,2250,10/03/2022,266,,,FALSE,FALSE,FALSE,,FALSE,
1,2251,10/03/2022,229,,,FALSE,FALSE,FALSE,,FALSE,
1,2252,10/03/2022,279,,,FALSE,FALSE,FALSE,,FALSE,
1,2253,10/03/2022,356,,,FALSE,FALSE,FALSE,,FALSE,
1,2254,10/03/2022,467,,,FALSE,FALSE,FALSE,,FALSE,
1,2255,10/03/2022,711,,,FALSE,FALSE,FALSE,,FALSE,
1,2256,10/03/2022,689,,,FALSE,FALSE,FALSE,,FALSE,
1,2257,10/03/2022,270,,,FALSE,FALSE,FALSE,,FALSE,
1,2258,10/03/2022,696,,,FALSE,FALSE,FALSE,,FALSE,
1,2259,10/03/2022,315,,,FALSE,FALSE,FALSE,Movement 311 from GBRC on 10/03/2022,FALSE,
1,2260,10/03/2022,278,,,FALSE,FALSE,FALSE,,FALSE,
1,2261,10/03/2022,259,,,FALSE,FALSE,FALSE,,FALSE,
1,2262,10/03/2022,258,,,FALSE,FALSE,FALSE,,FALSE,
1,2263,10/03/2022,688,,,FALSE,FALSE,FALSE,,FALSE,
1,2264,10/03/2022,704,,,FALSE,FALSE,FALSE,,FALSE,
1,2265,10/03/2022,697,,,FALSE,FALSE,FALSE,,FALSE,
1,2266,10/04/2022,120,,,FALSE,FALSE,FALSE,,FALSE,
1,2267,10/04/2022,224,,,FALSE,FALSE,FALSE,,FALSE,
1,2268,10/04/2022,131,,,FALSE,FALSE,FALSE,,FALSE,
1,2269,10/04/2022,86,,,FALSE,FALSE,FALSE,,FALSE,
1,2270,10/04/2022,700,,,FALSE,FALSE,FALSE,,FALSE,
1,2271,10/04/2022,432,,,FALSE,FALSE,FALSE,,FALSE,
1,2272,10/04/2022,87,,,FALSE,FALSE,FALSE,,FALSE,
1,2273,10/04/2022,130,,,FALSE,FALSE,FALSE,,FALSE,
1,2274,10/05/2022,697,Jeremy,,FALSE,FALSE,FALSE,,FALSE,
1,2275,10/05/2022,147,Jeremy,,FALSE,FALSE,FALSE,,FALSE,
1,2276,10/05/2022,224,Calvin,,FALSE,FALSE,FALSE,,FALSE,
1,2277,10/05/2022,273,Calvin,,FALSE,FALSE,FALSE,,FALSE,
1,2278,10/05/2022,96,Jeremy,,FALSE,FALSE,FALSE,,TRUE,
1,2279,10/05/2022,343,Jeremy,,FALSE,FALSE,FALSE,,TRUE,
1,2280,10/05/2022,218,Jeremy,,FALSE,FALSE,FALSE,,TRUE,
1,2281,10/05/2022,315,Jeremy,,FALSE,FALSE,FALSE,,TRUE,
1,2282,10/05/2022,346,Jeremy,,FALSE,FALSE,FALSE,,TRUE,
1,2283,10/05/2022,222,Jeremy,,FALSE,FALSE,FALSE,,FALSE,
1,2284,10/06/2022,489,Jeremy,,FALSE,FALSE,FALSE,,FALSE,
1,2285,10/06/2022,704,Jeremy,,FALSE,FALSE,FALSE,,FALSE,
1,2286,10/06/2022,711,Jeremy,,FALSE,FALSE,FALSE,,FALSE,
1,2287,10/05/2022,259,Calvin,,FALSE,FALSE,FALSE,,TRUE,
1,2288,10/06/2022,628,Jeremy,Ryan,FALSE,FALSE,FALSE,,FALSE,
1,2289,10/06/2022,120,Jeremy,Ryan,FALSE,FALSE,FALSE,,FALSE,
1,2290,10/06/2022,192,Calvin,,FALSE,FALSE,FALSE,,FALSE,
1,2291,10/06/2022,147,Ryan+Nate,,FALSE,FALSE,FALSE,,FALSE,
1,2292,10/06/2022,224,Ryan+Nate,,FALSE,FALSE,FALSE,,FALSE,
1,2293,10/06/2022,222,Calvin,,FALSE,FALSE,FALSE,Received Material,FALSE,
1,2294,10/06/2022,692,Calvin,,FALSE,FALSE,FALSE,Movement 311 from GBRW on 10/05/2022,FALSE,
1,2295,10/06/2022,130,Jeremy,,FALSE,FALSE,FALSE,Movement 311 from GBRW on 10/05/2022,FALSE,
1,2296,10/06/2022,193,Calvin,,FALSE,FALSE,FALSE,Movement 311 from GBRW on 10/05/2022,FALSE,
1,2297,10/06/2022,356,Calvin,,FALSE,FALSE,FALSE,Movement 311 from GBRC on 10/04/2022,FALSE,
1,2298,10/06/2022,105,Calvin,,FALSE,FALSE,FALSE,Movement 101 to GBRU on 10/04/2022,FALSE,
1,2299,10/06/2022,201,Jeremy,,FALSE,FALSE,FALSE,Movement 101 to GBRU on 10/04/2022,FALSE,
1,2300,10/06/2022,563,Jeremy,,FALSE,FALSE,FALSE,Movement 311 to GBRW on 10/03/2022,FALSE,
1,2301,10/06/2022,317,Jeremy,,FALSE,FALSE,FALSE,Movement 101 to GBRU on 10/04/2022,FALSE,
1,2302,10/06/2022,335,Jeremy,,FALSE,FALSE,FALSE,,FALSE,
1,2303,10/07/2022,232,Calvin,,FALSE,FALSE,FALSE,Movement 101 to GBRU on 10/03/2022,FALSE,
1,2304,10/07/2022,235,Jeremy,,FALSE,FALSE,FALSE,Movement 101 to GBRU on 10/03/2022,FALSE,
1,2305,10/07/2022,671,Jeremy,,FALSE,FALSE,FALSE,,FALSE,
1,2306,10/07/2022,731,Calvin,,FALSE,FALSE,FALSE,"Initial Count, Received Material",FALSE,What part type is this?????
1,2307,10/07/2022,542,Jeremy,,FALSE,FALSE,FALSE,,FALSE,
1,2308,10/07/2022,703,Jeremy,,FALSE,FALSE,FALSE,,FALSE,
1,2309,10/07/2022,313,Jeremy,,FALSE,FALSE,FALSE,,FALSE,
1,2310,10/07/2022,224,Jeremy,,FALSE,FALSE,FALSE,Movement 311 to GBRW on 10/05/2022,FALSE,
1,2311,10/07/2022,222,Jeremy,,FALSE,FALSE,FALSE,Movement 101 to GBRU on 10/06/2022,FALSE,
1,2312,10/07/2022,120,Calvin,SAP,FALSE,FALSE,FALSE,"SAP Reconciliation, Movement 311 from GBRW on 10/01/2022",FALSE,
1,2313,10/07/2022,83,Jeremy,,FALSE,FALSE,FALSE,Movement 311 from GBRW on 10/05/2022,FALSE,
1,2314,10/07/2022,637,Jeremy,,FALSE,FALSE,FALSE,Movement 311 from GBRW on 10/05/2022,FALSE,
1,2315,10/07/2022,66,Calvin,,FALSE,FALSE,FALSE,Movement 311 from GBRW on 10/05/2022,FALSE,
1,2316,10/07/2022,135,Calvin,,FALSE,FALSE,FALSE,Movement 311 from GBRW on 10/05/2022,FALSE,
1,2317,10/07/2022,479,Calvin,,FALSE,FALSE,FALSE,Movement 311 to GBRW on 10/06/2022,FALSE,
1,2318,10/07/2022,335,Calvin,SAP,FALSE,FALSE,FALSE,SAP Reconcile,FALSE,
1,2319,10/07/2022,704,Calvin,SAP,FALSE,FALSE,FALSE,SAP Reconcile,FALSE,
1,2320,10/07/2022,692,Calvin,SAP,FALSE,FALSE,FALSE,SAP Reconcile,FALSE,
1,2321,10/07/2022,628,Calvin,SAP,FALSE,FALSE,FALSE,SAP Reconcile,FALSE,
1,2322,10/10/2022,671,Jeremy,,FALSE,FALSE,FALSE,,FALSE,
1,2323,10/10/2022,222,Calvin,,FALSE,FALSE,FALSE,,FALSE,
1,2324,10/10/2022,273,Jeremy,,FALSE,FALSE,FALSE,,FALSE,
1,2325,10/10/2022,309,Calvin,,FALSE,FALSE,FALSE,,FALSE,info - came up as expensive in SAP
1,2326,10/10/2022,697,Jeremy,,FALSE,FALSE,FALSE,,FALSE,
1,2327,10/10/2022,83,Calvin,,FALSE,FALSE,FALSE,,FALSE,
1,2328,10/10/2022,147,Calvin,,FALSE,FALSE,FALSE,,FALSE,
1,2329,10/10/2022,279,Jeremy,,FALSE,FALSE,FALSE,,FALSE,
1,2330,10/10/2022,261,Jeremy,,FALSE,FALSE,FALSE,,FALSE,about 4000 recently came in
1,2331,10/10/2022,120,Jeremy,,FALSE,FALSE,FALSE,,FALSE,
1,2332,10/10/2022,224,Calvin,,FALSE,FALSE,FALSE,,FALSE,
1,2333,10/10/2022,229,Jeremy,,FALSE,FALSE,FALSE,,FALSE,
1,2334,10/10/2022,466,Calvin,,FALSE,FALSE,FALSE,"compare with -02,-04,-05",FALSE,
1,2335,10/10/2022,467,Calvin,,FALSE,FALSE,FALSE,"compare with -01,-04,-05",FALSE,
1,2336,10/10/2022,689,Calvin,,FALSE,FALSE,FALSE,"compare with -01,-02,-05",FALSE,
1,2337,10/10/2022,711,Calvin,,FALSE,FALSE,FALSE,"compare with -01,-02,-04",FALSE,
1,2338,10/11/2022,184,Calvin,,FALSE,FALSE,FALSE,,FALSE,
1,2339,10/11/2022,91,Jeremy,,FALSE,FALSE,FALSE,,FALSE,
1,2340,10/11/2022,279,Jeremy,,FALSE,FALSE,FALSE,,FALSE,
1,2341,10/11/2022,261,Calvin,,FALSE,FALSE,FALSE,,FALSE,
1,2342,10/11/2022,273,Jeremy,,FALSE,FALSE,FALSE,,FALSE,
1,2343,10/11/2022,404,Jeremy,,FALSE,FALSE,FALSE,,FALSE,
1,2344,10/11/2022,224,Jeremy,,FALSE,FALSE,FALSE,,FALSE,
1,2345,10/11/2022,120,Calvin,,FALSE,FALSE,FALSE,,FALSE,
1,2346,10/11/2022,222,Jeremy,,FALSE,FALSE,FALSE,,FALSE,
1,2347,10/11/2022,394,Jeremy,,FALSE,FALSE,FALSE,,FALSE,
1,2348,10/11/2022,87,Jeremy,,FALSE,FALSE,FALSE,,FALSE,
1,2349,10/11/2022,702,Calvin,,FALSE,FALSE,FALSE,,FALSE,
1,2350,10/11/2022,85,Jeremy,,FALSE,FALSE,FALSE,,FALSE,
1,2351,10/11/2022,67,Jeremy,,FALSE,FALSE,FALSE,,FALSE,
1,2352,10/11/2022,218,Calvin,,FALSE,FALSE,FALSE,,FALSE,
1,2353,10/12/2022,238,Jeremy,,FALSE,FALSE,FALSE,,FALSE,
1,2354,10/12/2022,487,Jeremy,,FALSE,FALSE,FALSE,Received Material,FALSE,
1,2355,10/12/2022,235,Jeremy,,FALSE,FALSE,FALSE,Received Material,FALSE,
1,2356,10/12/2022,149,Calvin,,FALSE,FALSE,FALSE,Received Material,FALSE,
1,2357,10/12/2022,229,Jeremy,,FALSE,FALSE,FALSE,Received Material,FALSE,
1,2358,10/12/2022,266,Jeremy,,FALSE,FALSE,FALSE,Received Material,FALSE,
1,2359,10/12/2022,230,Calvin,,FALSE,FALSE,FALSE,Received Material,FALSE,what part type is this?
1,2360,10/12/2022,273,Jeremy,,FALSE,FALSE,FALSE,,FALSE,
1,2361,10/12/2022,61,Jeremy,,FALSE,FALSE,FALSE,,FALSE,
1,2362,10/12/2022,114,Calvin,,FALSE,FALSE,FALSE,,FALSE,
1,2363,10/12/2022,96,Jeremy,,FALSE,FALSE,FALSE,,FALSE,
1,2364,10/12/2022,130,Calvin,,FALSE,FALSE,FALSE,,FALSE,
1,2365,10/12/2022,193,Calvin,,FALSE,FALSE,FALSE,,FALSE,
1,2366,10/12/2022,258,Jeremy,,FALSE,FALSE,FALSE,,FALSE,
1,2367,10/12/2022,270,Calvin,,FALSE,FALSE,FALSE,,FALSE,
1,2368,10/18/2022,238,Calvin,,FALSE,FALSE,FALSE,,FALSE,
1,2369,10/13/2022,222,Calvin,,FALSE,FALSE,FALSE,,FALSE,
1,2370,10/13/2022,120,Jeremy,,FALSE,FALSE,FALSE,,FALSE,
1,2371,10/13/2022,65,Jeremy,,FALSE,FALSE,FALSE,,FALSE,
1,2372,10/13/2022,66,Calvin,,FALSE,FALSE,FALSE,,FALSE,
1,2373,10/13/2022,224,Jeremy,,FALSE,FALSE,FALSE,,FALSE,
1,2374,10/13/2022,343,Jeremy,,FALSE,FALSE,FALSE,,FALSE,
1,2375,10/13/2022,87,Calvin,,FALSE,FALSE,FALSE,,FALSE,
1,2376,10/13/2022,104,Jeremy,,FALSE,FALSE,FALSE,,FALSE,
1,2377,10/13/2022,105,Calvin,,FALSE,FALSE,FALSE,,FALSE,
1,2378,10/13/2022,130,Calvin,,FALSE,FALSE,FALSE,,FALSE,
1,2379,10/13/2022,193,Jeremy,,FALSE,FALSE,FALSE,,FALSE,
1,2380,10/13/2022,33,Jeremy,,FALSE,FALSE,FALSE,,FALSE,
1,2381,10/13/2022,479,Calvin,,FALSE,FALSE,FALSE,,FALSE,
1,2382,10/13/2022,490,Jeremy,,FALSE,FALSE,FALSE,,FALSE,
1,2383,10/14/2022,732,Jeremy,,FALSE,FALSE,FALSE,Received Material,FALSE,
1,2384,10/14/2022,628,Jeremy,,FALSE,FALSE,FALSE,Received Material,FALSE,
1,2385,10/17/2022,120,Jeremy,,FALSE,FALSE,FALSE,Received Material,FALSE,
1,2386,10/17/2022,224,Jeremy,,FALSE,FALSE,FALSE,Received Material,FALSE,
1,2387,10/14/2022,637,Jeremy,,FALSE,FALSE,FALSE,Received Material,FALSE,
1,2388,10/17/2022,222,Jeremy,,FALSE,FALSE,FALSE,Picked for Orders,FALSE,
1,2389,10/14/2022,131,Calvin,,FALSE,FALSE,FALSE,,FALSE,
1,2390,10/14/2022,111,Calvin,,FALSE,FALSE,FALSE,,FALSE,
1,2391,10/14/2022,270,Calvin,,FALSE,FALSE,FALSE,Verify Prev Count,FALSE,
1,2392,10/14/2022,356,Jeremy,,FALSE,FALSE,FALSE,Verify Prev Count,FALSE,
1,2393,10/14/2022,692,Calvin,,FALSE,FALSE,FALSE,Verify Prev Count,FALSE,
1,2394,10/14/2022,325,Calvin,,FALSE,FALSE,FALSE,Last count 8/4,FALSE,
1,2395,10/14/2022,98,Jeremy,,FALSE,FALSE,FALSE,Last count 9/16,FALSE,
1,2396,10/14/2022,140,111,,FALSE,FALSE,FALSE,Last count 9/6,FALSE,
1,2397,10/17/2022,67,Calvin,SAP,FALSE,FALSE,FALSE,,FALSE,
1,2398,10/17/2022,324,Calvin,,FALSE,FALSE,FALSE,last count 8/4,FALSE,
1,2399,10/14/2022,542,Calvin2,,FALSE,FALSE,FALSE,,FALSE,
1,2400,10/14/2022,397,Jeremy2,,FALSE,FALSE,FALSE,,FALSE,
1,2401,10/14/2022,659,Jeremy2,,FALSE,FALSE,FALSE,last counted before 7/1,FALSE,
1,2402,10/14/2022,698,Jeremy2,,FALSE,FALSE,FALSE,,FALSE,
1,2403,10/14/2022,684,Calvin2,,FALSE,FALSE,FALSE,,FALSE,
1,2404,10/14/2022,133,Calvin2,,FALSE,FALSE,FALSE,,FALSE,
1,2405,10/14/2022,152,Jeremy2,,FALSE,FALSE,FALSE,,FALSE,
1,2406,10/14/2022,142,Calvin2,,FALSE,FALSE,FALSE,,FALSE,
1,2407,10/17/2022,87,Jeremy,,FALSE,FALSE,FALSE,Received Material,FALSE,
1,2408,10/17/2022,705,Jeremy,,FALSE,FALSE,FALSE,last count 9/9,FALSE,I think I saw these in SMC_B (small qty)
1,2409,10/17/2022,706,Jeremy,,FALSE,FALSE,FALSE,last count 9/9,FALSE,I think I saw these in SMC_B (small qty)
1,2410,10/18/2022,698,Calvin,vfy,FALSE,FALSE,FALSE,Verify Prev Count,FALSE,
1,2411,10/20/2022,140,,vfy,FALSE,FALSE,FALSE,Verify Prev Count,FALSE,physically count these!!
1,2412,10/17/2022,671,Calvin,,FALSE,FALSE,FALSE,,FALSE,
1,2413,10/17/2022,218,Jeremy,,FALSE,FALSE,FALSE,,FALSE,
1,2414,10/17/2022,96,Calvin,,FALSE,FALSE,FALSE,,FALSE,
1,2415,10/17/2022,56,Jeremy,,FALSE,FALSE,FALSE,,FALSE,
1,2416,10/17/2022,628,Calvin,vfy,FALSE,FALSE,FALSE,"Verify Prev Count, SAP reconciliation ??",FALSE,
1,2417,10/18/2022,218,Calvin,,FALSE,FALSE,FALSE,Received Material,FALSE,
1,2418,10/18/2022,703,Calvin,,FALSE,FALSE,FALSE,Received Material,FALSE,
1,2419,10/18/2022,149,Jeremy,,FALSE,FALSE,FALSE,Received Material,FALSE,
1,2420,10/18/2022,232,Jeremy,,FALSE,FALSE,FALSE,Received Material,FALSE,
1,2421,10/18/2022,322,Calvin,,FALSE,FALSE,FALSE,last count 9/22,FALSE,
1,2422,10/18/2022,105,Jeremy,,FALSE,FALSE,FALSE,Received Material,FALSE,
1,2423,10/20/2022,305,,,FALSE,FALSE,FALSE,Received Material,FALSE,
1,2424,10/20/2022,66,,Waters,FALSE,FALSE,FALSE,Received Material,FALSE,
1,2425,10/19/2022,256,,,FALSE,FALSE,FALSE,Received Material,FALSE,
1,2426,10/19/2022,251,,,FALSE,FALSE,FALSE,Received Material,FALSE,
1,2427,10/19/2022,206,,,FALSE,FALSE,FALSE,Received Material,FALSE,
1,2428,10/19/2022,711,,,FALSE,FALSE,FALSE,Received Material,FALSE,
1,2429,10/19/2022,479,,,FALSE,FALSE,FALSE,Received Material,FALSE,
1,2430,10/19/2022,120,,,FALSE,FALSE,FALSE,Received Material,FALSE,
1,2431,10/20/2022,287,,,FALSE,FALSE,FALSE,Received Material,FALSE,
1,2432,10/19/2022,671,,,FALSE,FALSE,FALSE,Received Material,FALSE,
1,2433,10/19/2022,8,,,FALSE,FALSE,FALSE,Received Material,FALSE,
1,2434,10/20/2022,22,,,FALSE,FALSE,FALSE,Received Material,FALSE,
1,2435,10/20/2022,29,,,FALSE,FALSE,FALSE,Received Material,FALSE,
1,2436,10/19/2022,33,,,FALSE,FALSE,FALSE,Received Material,FALSE,
1,2437,10/19/2022,85,,,FALSE,FALSE,FALSE,Received Material,FALSE,
1,2438,10/19/2022,201,,,FALSE,FALSE,FALSE,Received Material,FALSE,
1,2439,10/19/2022,317,,,FALSE,FALSE,FALSE,Received Material,FALSE,
1,2440,10/21/2022,318,,,FALSE,FALSE,FALSE,Received Material,FALSE,
1,2442,10/20/2022,218,,,FALSE,FALSE,FALSE,Received Material,FALSE,
1,2443,10/21/2022,247,,,FALSE,FALSE,FALSE,Received Material,FALSE,
1,2444,10/20/2022,704,,,FALSE,FALSE,FALSE,Received Material,FALSE,
1,2445,10/21/2022,730,,,FALSE,FALSE,FALSE,,FALSE,
1,2446,10/20/2022,147,,Waters,FALSE,FALSE,FALSE,,FALSE,
1,2447,10/20/2022,87,Calvin,Waters,FALSE,FALSE,FALSE,,FALSE,
1,2448,10/20/2022,133,Jeremy,Waters,FALSE,FALSE,FALSE,,FALSE,
1,2449,10/20/2022,251,,,FALSE,FALSE,FALSE,,FALSE,
1,2450,10/20/2022,711,Calvin,,FALSE,FALSE,FALSE,,FALSE,
1,2451,10/20/2022,637,,Waters,FALSE,FALSE,FALSE,,FALSE,
1,2452,10/21/2022,33,,Waters,FALSE,FALSE,FALSE,Received Material,FALSE,
1,2453,10/21/2022,147,,vfy+Waters,FALSE,FALSE,FALSE,Verify Prev Count,FALSE,Jeremy - to verify last count
1,2454,10/21/2022,105,,Waters,FALSE,FALSE,FALSE,,FALSE,
1,2455,10/21/2022,235,,Waters,FALSE,FALSE,FALSE,,FALSE,
1,2456,10/21/2022,201,,Waters - HOT,FALSE,FALSE,FALSE,Large SAP diff on 10/19 count,FALSE,
1,2457,10/21/2022,703,,Waters,FALSE,FALSE,FALSE,,FALSE,
1,2458,10/21/2022,317,,Waters - HOT,FALSE,FALSE,FALSE,Large SAP diff on 10/19 count,FALSE,
1,2459,10/21/2022,279,,Waters - lo,FALSE,FALSE,FALSE,SAP diff=-10 on 10/11 count,FALSE,
1,2460,10/21/2022,315,,Waters - lo,FALSE,FALSE,FALSE,SAP diff = 0 on 10/5,FALSE,
1,2461,10/21/2022,66,,Waters - HOT,FALSE,FALSE,FALSE,"counted 10/20, but much movement",FALSE,
1,2462,10/21/2022,87,,Waters - HOT,FALSE,FALSE,FALSE,"counted 10/20, but much movement",FALSE,
1,2463,10/21/2022,65,,Waters - HOT,FALSE,FALSE,FALSE,Material Movement,FALSE,
1,2464,10/21/2022,479,,Waters,FALSE,FALSE,FALSE,,FALSE,
1,2465,10/21/2022,692,,Waters - HOT,FALSE,FALSE,FALSE,SAP diff = 685 on 10/14,FALSE,
1,2466,10/21/2022,261,,Waters,FALSE,FALSE,FALSE,,FALSE,
1,2467,10/21/2022,335,,Waters,FALSE,FALSE,FALSE,,FALSE,
1,2468,10/21/2022,21,,Waters,FALSE,FALSE,FALSE,,FALSE,
1,2469,10/21/2022,28,,Waters,FALSE,FALSE,FALSE,,FALSE,
1,2470,10/24/2022,335,,,FALSE,FALSE,FALSE,,FALSE,
1,2471,10/24/2022,247,,,FALSE,FALSE,FALSE,,FALSE,
1,2472,10/24/2022,28,,,FALSE,FALSE,FALSE,,FALSE,
1,2473,10/24/2022,703,,,FALSE,FALSE,FALSE,,FALSE,
1,2474,10/24/2022,21,,,FALSE,FALSE,FALSE,,FALSE,
1,2475,10/24/2022,315,,,FALSE,FALSE,FALSE,,FALSE,
1,2476,10/24/2022,279,,,FALSE,FALSE,FALSE,,FALSE,
1,2477,10/24/2022,63,,,FALSE,FALSE,FALSE,,FALSE,
1,2478,10/24/2022,242,,,FALSE,FALSE,FALSE,,FALSE,
1,2479,10/24/2022,88,,,FALSE,FALSE,FALSE,,FALSE,
1,2480,10/24/2022,554,,,FALSE,FALSE,FALSE,,FALSE,
1,2481,10/24/2022,660,,,FALSE,FALSE,FALSE,,FALSE,
1,2482,10/24/2022,294,,,FALSE,FALSE,FALSE,,FALSE,
1,2483,10/24/2022,9,,,FALSE,FALSE,FALSE,,FALSE,
1,2484,10/24/2022,232,,,FALSE,FALSE,FALSE,,FALSE,
1,2485,10/24/2022,240,,,FALSE,FALSE,FALSE,,FALSE,
1,2486,10/24/2022,654,,,FALSE,FALSE,FALSE,,FALSE,
1,2487,10/25/2022,28,,,FALSE,FALSE,FALSE,,FALSE,
1,2488,10/25/2022,232,,,FALSE,FALSE,FALSE,,FALSE,
1,2489,10/25/2022,247,,,FALSE,FALSE,FALSE,,FALSE,
1,2490,10/25/2022,335,,,FALSE,FALSE,FALSE,,FALSE,
1,2491,10/25/2022,654,,,FALSE,FALSE,FALSE,,FALSE,
1,2492,10/25/2022,120,,,FALSE,FALSE,FALSE,,FALSE,
1,2493,10/25/2022,132,,,FALSE,FALSE,FALSE,,FALSE,
1,2494,10/25/2022,318,,,FALSE,FALSE,FALSE,,FALSE,
1,2495,10/25/2022,229,,,FALSE,FALSE,FALSE,,FALSE,
1,2496,10/25/2022,266,,,FALSE,FALSE,FALSE,,FALSE,