orgID,oldID,Material,Description,PartTypeID,Material type,Material Group,Price,Price Unit,Notes
1,1,02012MW00-600-G,"MB,LGA3647,Lewisburg -2,N/A,PCI-E,DDR4,G",24,ZROH,05,"302,230.00",1000,
1,2,07001541,"Label, 2"" x 0.75"", White, Polyester, Adh",11,ZROH,05,36.80,1000,
1,3,07002344,"Assy, Label, Part and Serial Number Spec",24,ZMOD,03,,,
1,4,07003542,"SCREW, PHILLIP FLAT HEAD, 5MM, 6-32, STL",17,ZROH,03,0.00,1000,
1,5,07003569,"Label, White Polyester, 1.5""x0.5"", Adhes",24,ZROH,05,0.00,1000,
1,6,07005937,"Label, Blank, Mylar, White, 1.75in x 0.5",11,ZROH,05,20.40,1000,
1,7,07005938,"Assembly, Label, Asset Tag, 1.75x0.5",24,ZMOD,SM009,,,
1,8,07005968,"SCREW, PHP, 6-32 X .25 SQ CONE, STL ZI",17,ZROH,05,36.41,1000,
1,9,07007267,"Fan Guard, 80MM, METAL",15,ZROH,03,276.42,1000,
1,10,07009507,"LABEL, MANUF ONLY, FIXED INSTALLATION",11,ZROH,05,62.70,1000,
1,11,07010769,"Assembly, Label, Tray Assembly Config, 1",24,ZMOD,SM009,,,
1,12,07012049,"Label, 1.5"" x .25"", White, Polyester, Ad",11,ZROH,05,16.40,1000,"IMS records # rolls, SAP records # labels,  Multiply # rolls by 10000 for Count qtys"
1,13,070204G00-16K-G,"NIC, PCIe 3.0 x8, 25G, MCX512A-ACAT",24,ZROH,05,"164,900.00",1000,
1,14,070205000-16K-G,"NIC Card,PCI-E,25Gbps,MCX542B-ACAN",24,ZROH,05,"164,900.00",1000,
1,15,07023640,48Vdc Rectifier CC109149423,24,ZROH,02,0.00,1000,
1,16,07050002,"Tape, Kapton with Adhesive Back, 1in x 3 (3M)",11,ZROH,05,"65,000.00",1000,
1,17,07050463,"Tape, Kapton with Adhesive Back, Cut to",24,ZMOD,05,,,
1,18,07082350,"SCREW, PHP, 4-40 X .25 SQ CONE, STL, ZI",17,ZROH,05,30.00,1000,
1,19,07087259,"Label, Blank, White, 0.25"" x 1.25"", Poly",11,ZROH,05,79.74,1000,1 roll=10000 labels??
1,20,07096185,"SCREW, PHP, THREAD FORM,  8-16 X 3/8 LG,",17,ZROH,05,65.75,1000,
1,21,07117984-01,"BRACKET, MODIFIED, FACEPLATE, NIC, GRANI",15,ZROH,03,"1,400.00",1000,
1,22,07120441,"SCREW, PHP, 6-32 x .75 SQ CONE, STL ZI",17,ZROH,05,38.58,1000,
1,23,07121450,"Fan, 80x80x25mm, 10500 RPM, Operating Vo",15,ZROH,03,"5,276.76",1000,
1,24,07123531,"BRACKET, MOUNTING, FAN, ISOLATED, RB",15,ZROH,03,"1,884.29",1000,
1,25,07124798,"Option, Memory, Goofer, 16GB, Dual RANK,",24,ZMOD,SM009,,,
1,26,07124799,"Options, CSSD, Secure Case, Sandforce 22",24,ZMOD,05,,,
1,27,07125249,"Assy, Fan Module, Rackback",24,ZMOD,05,,,
1,28,07128268,"BRACKET, RETAINER, NIC, ICEFYRE",15,ZROH,03,"1,396.37",1000,
1,29,07130827,"SCREW, PHP, M5x10mm Cross Recessed, Plas",17,ZROH,05,63.96,1000,
1,30,07131090,"Option, Assy, PCBA, Rackback, Choose 1",24,ZMOD,05,,,
1,31,07131107,"Option, Assy, PCBA, Flatback, Choose 1",24,ZMOD,05,,,4/25 - no inventory currently present
1,32,07132806,"Label, White, 0.5in x 0.2in, Polyester,",11,ZROH,05,8.80,1000,
1,33,07133000,IceFyre Sheet Metal Cookie Sheet w/ cut-,15,ZROH,03,"6,230.00",1000,
1,34,07134124,"Assy Granite-QD, H1,  w/ Option, 50GbE N",24,ZMOD,05,,,
1,35,07134133,"Option, PCIe, NIC, 1 Port, 1x100GE zQSFP",24,ZROH,02,"90,000.00",1000,
1,36,07134228,"Option, PCIe, NIC, 1 Port, 1x50GE zQSFP,",24,ZMOD,05,,,
1,37,07134491,"Assy, IceFyre, Broadwell DE 1.9GHz + Bra",24,ZMOD,05,,,
1,38,07141552,07141552_brkt_granite.prt,24,ZROH,02,0.00,1000,
1,39,10040Y700-600-G,"PCIeCard,Groot_Purley_1U1_x16_PCIe_riser",24,ZROH,05,"6,500.00",1000,
1,40,100412J00-600-G,"Back Plane Board,G,10SFF HDD BP",24,ZROH,05,"35,260.00",1000,
1,41,"10162405-1S2004LF","Cable, Power, PDBB to Big Gulp Power mod",24,ZROH,05,0.00,1000,
1,43,1021801-01,"Assy, Razorback PCIe x 8, 4096GB eTLC, 2",24,ZROH,02,0.00,1000,
1,44,1021801-02,"Assy, Razorback PCIe x 8, 4096GB eTLC, 0",1,ZROH,02,0.00,1000,
1,45,1024099-01,"Option, Memory, 32GB, 2Rx4 RANK, DDR4-24",24,ZROH,03,0.00,1000,
1,46,1029647,"Assy, Tray, Ikea, Base Config, IceFyre w",24,ZMOD,03,,,
1,47,1029737-01,"Option, Memory, 32GB, 2Rx4 RANK, DDR4-24",24,ZROH,03,0.00,1000,
1,48,1029738-01,"Option, Memory, 32GB, 2Rx4 RANK, DDR4-24",24,ZROH,03,0.00,1000,
1,49,1029738-02,"Option, Memory, 32GB, 2Rx4 RANK, DDR4-24",24,ZROH,03,0.00,1000,
1,50,1030556-03,"Assy, Razorback PCIe x 8, 4096GB eTLC, 2",24,ZROH,02,0.00,1000,
1,51,1031159-03,"Assy, Razorback PCIe x 8, 4096GB TLC, Op",24,ZROH,02,0.00,1000,
1,52,1033384-01,"Option, Memory, 32GB, 2Rx4 RANK, DDR4-24",24,ZROH,03,0.00,1000,
1,53,1035129-01,"Option, Memory, 32GB, 2Rx4 RANK, DDR4-24",24,ZROH,03,0.00,1000,
1,54,1036057-02,"Cable, Power, PDBB to Mobo, Length 102mm",24,ZMOD,05,,,use PCB012800385 instead
1,55,1036578-07,"CSSD-PH, PCBA, 64GB Raw, 48GB Useable, S",6,ZROH,02,"36,040.00",1000,
1,56,1036580-07,"CSSD-PH, PCBA, 64GB Raw, 48GB Useable, S",1,ZROH,02,"36,040.00",1000,
1,57,1037037-05,"ASSY, PCBA, Temperature Sensor, I2C, Hig",12,ZROH,03,0.00,1000,
1,58,1037497-01,"Option, Memory, 32GB, 2Rx4 RANK, DDR4-24",24,ZROH,03,0.00,1000,
1,59,1037500-01,"Option, Memory, 32GB, 2Rx4 RANK, DDR4-24",24,ZROH,03,0.00,1000,
1,60,1038012-06,"Options, CSSD, Secure Case, Sandforce 22",24,ZROH,03,"26,850.00",1000,
1,61,1038012-07,"CSSD-PH, Extra Secure Case, 64GB Raw, 48",13,ZROH,02,"42,550.00",1000,
1,62,1038019-06,"Options, CSSD, Secure Case, Sandforce 22",24,ZROH,05,"26,850.00",1000,No Inventory as of 05/16/2022 - Do NOT schedule for counts
1,63,1039144-01,"Cable, HDMI, Type D Male-to-Male, 19p, 3",15,ZROH,03,"3,790.00",1000,
1,64,1040488-02,"Assy, Razorback PCIe x 8, 4096GB eTLC, 0",24,ZROH,02,0.00,1000,
1,65,1040827-04,"ASSY, MECHANICAL, RACKBACK SLIDER 13",15,ZROH,03,"79,427.98",1000,
1,66,1040833-04,"ASSY, MECHANICAL, FLATBACK SLIDER 15",15,ZROH,03,"103,502.31",1000,
1,67,1041332-01,"Memory, 16GB, Samsung-IDT, 2Rx8, DDR4-26",13,ZROH,02,"151,000.00",1000,
1,68,1041679-01,"Option, Memory, 32GB, 2Rx4 RANK, DDR4-24",24,ZROH,03,0.00,1000,
1,69,1041848-01,"Option, Memory, 32GB, 2Rx4 RANK, DDR4-24",24,ZROH,03,0.00,1000,
1,70,1042386,"Assy,Tray, Ikea, Base Config, Flatback S",24,ZMOD,05,,,
1,71,1042647-01,"Option, Memory, 32GB, 2Rx4 RANK, DDR4-24",24,ZROH,03,0.00,1000,
1,72,1043337-01,"Option, Memory, 32GB, 2Rx4 RANK, DDR4-24",24,ZROH,03,0.00,1000,
1,73,1043338-01,"Option, Memory, 32GB, 2Rx4 RANK, DDR4-24",24,ZROH,03,0.00,1000,
1,74,1043339-01,"Option, Memory, 32GB, 2Rx4 RANK, DDR4-24",24,ZROH,03,0.00,1000,
1,75,1043340-01,"Option, Memory, 32GB, 2Rx4 RANK, DDR4-24",24,ZROH,03,0.00,1000,
1,76,1043341-01,"Option, Memory, 32GB, 2Rx4 RANK, DDR4-24",24,ZROH,03,0.00,1000,
1,77,1043342-01,"Option, Memory, 32GB, 2Rx4 RANK, DDR4-24",24,ZROH,03,0.00,1000,
1,78,1043342-02,"Option, Memory, 32GB, 2Rx4 RANK, DDR4-24",24,ZROH,03,0.00,1000,
1,79,1043343-01,"Option, Memory, 32GB, 2Rx4 RANK, DDR4-24",24,ZROH,03,0.00,1000,
1,80,1043345-01,"Option, Memory, 32GB, 2Rx4 RANK, DDR4-24",24,ZROH,03,0.00,1000,
1,81,1043346-01,"Option, Memory, 32GB, 2Rx4 RANK, DDR4-24",24,ZROH,03,0.00,1000,
1,82,1043521,"Options, CSSD-PH, PCBA, 64GB Raw, 48GB U",24,ZMOD,SM009,,,
1,83,1043647-01,"Option, Assy, PCBA, IceFyre, Broadwell D",15,ZROH,03,"400,000.00",1000,
1,84,1043648-01,"Option, Assy, PCBA, Rackback, Choose 1",12,ZROH,03,"190,920.00",1000,
1,85,1043648-02,"Option, Assy, PCBA, Rackback, Choose 1",15,ZROH,05,"203,704.04",1000,868_WestOfWall is NOT L10 Inventory!
1,86,1043649-01,"PCBA, Flatback, MOSFET Fix, RoHS, QTMC",15,ZROH,03,"191,920.00",1000,
1,87,1043649-02,"PCBA, Flatback, MOSFET Fix, RoHS, QTMC",15,ZROH,05,"205,455.22",1000,
1,88,1044091-02,"BAFFLE, TRAY FILLER, PCIe SLOTS, w/ UV l",8,ZROH,UMOTHR,852.68,1000,
1,89,1045813-01,"Option, Memory, 32GB, 2Rx4 RANK, DDR4-24",24,ZROH,03,0.00,1000,
1,90,1046492-03,"Assy, Razorback PCIe x 8, 4096GB eTLC, S",24,ZROH,02,0.00,1000,
1,91,1048738-01,"Assy, Razorback PCIe x 8, 4096GB TLC, Op",22,ZROH,02,"648,680.00",1000,
1,92,1048740-01,"Assy, Razorback PCIe x 8, 4096GB eTLC, 2",4,ZROH,02,0.00,1000,
1,93,1053031-01,"Option, Memory, 32GB DDR4-3200MHz, 1.2V,",6,ZROH,03,"140,000.00",1000,
1,94,1053450,"SCREW, SHOULDER, 5/32"", 6-32, Philips He",17,ZROH,05,"2,450.00",1000,
1,95,1054012-02,"Assy, Razorback PCIe x 8, 4096GB eTLC, S",24,ZROH,02,0.00,1000,
1,96,1055235-01,"Option, Memory, 32GB DDR4-3200MHz, 1.2V,",6,ZROH,03,"140,000.00",1000,
1,97,1055415,"ASM, BENCH TOP TEST,MINI PDBB, SINGLE PO",24,ZROH,05,0.00,1000,
1,98,1059263-02,"LOW-PROFILE FACEPLATE, DIORITE FR DVT",3,ZROH,05,"3,818.74",1000,
1,99,1059989-01,"Option, Memory, 32GB, 2Rx4 RANK, DDR4-24",24,ZROH,03,0.00,1000,
1,100,1060725,"Options Hard Drive, 16TB, SATA, Flatback",24,ZMOD,05,,,
1,101,1060726,"Options Hard Drive, 16TB, SATA, Rackback",24,ZMOD,05,,,
1,102,1063638,"Assy, Tray, Ikea 3.0, Flatback Slider, 1",24,ZFRT,01,"3,570,600.00",1000,
1,103,1063744-01,"Memory, 32GB, Hynix-IDT, DDR4, J-Die, 29",24,ZROH,03,"158,000.00",1000,
1,104,1066991-01,"ASSY, PCBA, Temperature Sensor, I2C, Hig",8,ZROH,05,"3,350.13",1000,
1,105,1067010-01,"ASM, Base, Tray, EMC, ILK/CN",8,ZROH,05,"26,410.00",1000,
1,106,1068789-01,"Memory, 32GB, Micron-IDT/Montage, DDR4,",6,ZROH,03,"147,000.00",1000,
1,107,1070156,"Option, Temperature Sensor, I2Cool, High",24,ZMOD,SM009,,,
1,108,1072921,"Packaging, Assembly, Truck Pack(20), inc",24,ZROH,04,0.00,1000,
1,109,1073074-01,"Option, Memory, 32GB, 2Rx4 RANK, DDR4-24",24,ZROH,03,"140,000.00",1000,
1,110,1073076-01,"Memory, 32GB, Hynix-Montage, DDR4, D-Die",24,ZROH,03,"158,000.00",1000,
1,111,1073187,"Toshiba Hard Drive, 16TB",13,ZROH,03,"216,000.00",1000,
1,112,1073327-01,"Option, Memory, 32GB, 2Rx4 RANK, DDR4-24",24,ZROH,03,"140,000.00",1000,
1,113,1073465-01,"Option, Memory, 32GB, 2Rx4 RANK, DDR4-24",24,ZROH,03,0.00,1000,
1,114,1073489-01,"Memory, 32GB, Micron-Montage, DDR4, E-Di",13,ZROH,03,"158,000.00",1000,
1,115,1077815-09,"Assy, Warthog, PCIe Gen4 x8, 4096GB TLC,",24,ZROH,02,0.00,1000,
1,116,1080835,"Option, Assy, PCBA, IceFyre, Broadwell D",24,ZMOD,05,,,
1,117,1081663,"Fan Assembly Mech, 60x60x38 mm, 5 Impell",12,ZROH,03,"6,000.00",1000,
1,118,1082858-01,"Assy, Granite-HD, 100GbE NIC w/ Bracket",24,ZMOD,SM009,,,
1,119,1082897,"Fan Assembly Mech, Interlaken, 60x60x38",12,ZROH,03,"5,380.00",1000,
1,120,1086866,"Storage, Hard Drive, WDC Paris-C CMR, 18",13,ZROH,03,"262,000.00",1000,
1,121,1088364-03,"FAB, PCB, Agora V2, EVT2, RoHS",24,ZROH,03,0.00,1000,
1,122,1088364-04,"FAB, PCB, Agora V2, EVT2, RoHS",24,ZROH,03,0.00,1000,
1,123,1088365-03,"BMC Card, AGORA V2, PCBA, EVT2, RoHS",24,ZROH,02,0.00,1000,
1,124,1088365-04,"BMC Card, AGORA V2, PCBA, DVT1, RoHS",24,ZROH,02,0.00,1000,
1,125,1088365-05,"BMC Card, AGORA V2, PCBA, DVT1, RoHS",22,ZROH,02,0.00,1000,
1,126,1088365-07,"BMC Card, AGORA V2, PCBA, DVT1, RoHS",22,ZROH,02,0.00,1000,
1,127,1088368-05,"PDB, PCBA, 1500W Power Supply Module, Su",24,ZHLB,03,"135,869.49",1000,
1,128,1088368-08,Astoria_Super Big Gulp_PDB_brick_Scout B,24,ZHLB,SM007,0.00,1000,
1,129,1088369-04,"FAB, PCB, PDB Adapter, Izumi, DVT1, RoHS",12,ZROH,05,"1,600.00",1000,
1,130,1088369-05,"FAB, PCB, PDB Adapter, PVT, RoHS",3,ZROH,05,"4,200.00",1000,
1,131,1090961,"Options Hard Drive, 18TB, SATA, Rackback",13,ZROH,03,"262,000.00",1000,
1,132,1091164,"ASM, EMC Front Panel, Granite, PE0, ILK/",8,ZROH,03,"8,120.00",1000,
1,133,1091682,"Fan Assembly Mech, Izumi, 80x80x38 mm, P",3,ZROH,05,"23,883.38",1000,
1,134,1091686,"ASM, Base, Tray, Izumi, EVT1",12,ZROH,05,"47,890.00",1000,NLU?? Replaced with -01?
1,135,1091686-01,"ASM, Base, Tray, Izumi, EVT1",3,ZROH,05,"49,050.00",1000,
1,136,1091686-01-FLG,"ASM, Base, Tray, IZU/AST",24,ZROH,05,0.00,1000,
1,137,1091695-02,"Assy, IO Module, Orizuru, ISZ, 1xShort I",24,ZROH,03,0.00,1000,
1,138,1091695-03,"Assy, IO Module, Orizuru, ISZ, 1xShort I",24,ZFRT,01,"78,640.00",1000,
1,139,1091696-03,"Assy, PCIe Cable, 1xShort IO Adapter, on",12,ZROH,05,"69,600.00",1000,
1,140,1091696-04,"Assy, PCIe Cable, 1 x16 Short IO Adapter",3,ZROH,05,"69,600.00",1000,
1,141,1091698-01,"Assy, Orizuru, IO Module bracket, Izumi,",12,ZROH,05,"8,760.00",1000,
1,142,1091698-02,"Assy, x16x16 IO Module Bracket, Izumi, P",3,ZROH,05,0.00,1000,
1,143,1091698-02-FLG,"Assy, x16x16 IO Module Bracket, Izumi, P",24,ZROH,05,0.00,1000,
1,144,1091707-02,"Assy, IO Module, Orizuru-GSSD, IGS, 1xSh",24,ZROH,03,0.00,1000,
1,145,1091707-03,"Assy, IO Module, Orizuru-GSSD, IGS, 1xSh",24,ZFRT,01,"111,990.00",1000,
1,146,1091708-03,"Assy, PCIe cable, 1xShort IO Adapter, 1",12,ZROH,05,"96,000.00",1000,
1,147,1091708-04,"x8 CEM Cable, 190mm",4,ZROH,05,"96,000.00",1000,
1,148,1091709-01,"Assy, Orizuru-gSSD, IO Module bracket, I",12,ZROH,05,"13,450.00",1000,
1,149,1091709-02,"Assy, x8x8x8x8 IO Module Bracket, Izumi,",3,ZROH,05,"12,006.74",1000,
1,150,1091709-02-FLG,"Assy, x8x8x8x8 IO Module Bracket, Izumi,",24,ZROH,05,0.00,1000,
1,151,1091710-03,"Assy, IO Module, Orizuru-GSSD, GSS, 2xSh",24,ZFRT,01,"219,050.00",1000,
1,152,1091808,"ASM, LP FACEPLATE, GRANITE 3.75MM",3,ZROH,05,"20,260.00",1000,
1,153,1091825,"Options Hard Drive, 18TB, SATA, Rackback",24,ZMOD,05,,,
1,154,1091826,"Options Hard Drive, 18TB, SATA, Flatback",24,ZMOD,05,,,4/22 no inventory
1,155,1091829,"Assy, Tray, Ikea 3.0/4.0, Flatback Slide",24,ZFRT,01,"4,260,600.00",1000,
1,156,1091876-02,"A0 Diorite (NIC, Diorite FullRock 24GB w",12,ZROH,02,0.00,1000,
1,157,1091887,"Option, Memory, 32GB, 2Rx4 RANK, DDR4-24",24,ZMOD,05,,,
1,158,1091888,"Assy, Tray, Ikea, Base Config, IceFyre w",24,ZMOD,05,,,
1,159,1091891,"Assy, Tray, Ikea 3.0/4.0, Rackback Slide",24,ZFRT,01,"4,576,470.00",1000,
1,160,1091891-SWS,Rackback SWS model 0,24,ZHLB,SM007,0.00,1000,
1,161,1091947-05,"PDB, PCBA, 600W Power Supply Module, Big",18,ZHLB,SM007,"96,744.67",1000,
1,162,1092345,"Fan, 40x40x28 mm, 25000 RPM, 10.8V-13.2V",24,ZROH,05,"8,000.00",1000,
1,163,1092348-03,"Assy, PDB Power Module, 1500W, Super Big",24,ZROH,02,0.00,1000,
1,164,1092348-04,"Assy, PDB Power Module, 1500W, Super Big",12,ZROH,02,0.00,1000,dblcheck counts on this part - do not include 1092348-06
1,165,1092348-05,"Assy, PDB Power Module, Gulp 1500W, Delt",24,ZFRT,01,"196,310.00",1000,
1,166,1092348-06,"Assy, PDB Power Module, 1500W, Super Big",12,ZROH,02,0.00,1000,dblcheck counts on this part - do not include 1092348-04
1,167,1092348-07,"Assy, PDB Power Module, Gulp 1500W, Delt",24,ZFRT,01,0.00,1000,
1,168,1092350-05,"Assy, PDB Power Module, Gulp 600W, Delta",24,ZFRT,01,"152,250.00",1000,
1,169,1092676,"Fan, 40x40x28 mm, 26500 RPM, 10.8V-12.6V",18,ZROH,05,"5,770.00",1000,"DO NOT CONFUSE WITH 1092676-01, which looks similar!!!!"
1,170,1092680,"Options, Fan Assembly, Izumi, Fan, 80x80",24,ZMOD,SM009,,,
1,171,1092681,"Fan Assembly Mech, Izumi, 80x80x38 mm, P",24,ZROH,03,0.00,1000,
1,172,1092963-02,"Cable, Power, PDBB to Big Gulp Power Mod",3,ZROH,05,"11,510.00",1000,
1,173,1093342,"Assy, Diorite FullRock 12GB, 1x200GbE NI",24,ZMOD,SM009,,,
1,174,1093403,"PDB Brick Heatsink , Extruded, Izumi, Fu",20,ZROH,05,"5,500.00",1000,
1,175,1093695-03,Agora EVT1,24,ZROH,SM007,"74,760.00",1000,
1,176,1093695-04,PRE-DVT CONAN AGORA,18,ZROH,05,"74,760.00",1000,
1,177,1093695-05,CONAN_AGORA_DVT1(EM528+RG311_SANMINA),24,ZROH,SM007,"68,240.00",1000,
1,178,1093695-06,CONAN_AGORA_DVT2(EM528+RG311),24,ZHLB,SM007,"98,110.00",1000,
1,179,1093695-06-3F2,REV OF PCA,24,ZHLB,SM007,"117,000.00",1000,
1,180,1093695-06-613,"Assy, Agora-Conan, GCE PCB EM528_RG311,",18,ZHLB,05,"98,110.00",1000,
1,181,1093695-07,"Assy, Agora-Conan, DC-SCM, EM528_RTF(RG3",27,ZHLB,05,"100,330.00",1000,
1,182,1093695-08,"Assy, Agora-Conan, DC-SCM, EM528_RTF(RG3",24,ZHLB,05,"101,090.00",1000,
1,183,1093699,"Heatsink, CPU, Conan, EVT",24,ZROH,05,"489,150.00",1000,
1,184,1093751,"Ampere Scalable Processors, 64/3.0GHz, A",6,ZROH,03,"680,000.00",1000,
1,185,1093974,"Assy Label, 2"" x 0.75"", Glossy White, Po",24,ZMOD,SM009,,,
1,186,1096477,"Assy, Tray, Ikea 3.0/4.0, Rackback Slide",24,ZFRT,01,"3,978,470.00",1000,
1,187,1096612,"ASM, No Baffle, EMC Tray Cover, ILK/CN",12,ZROH,03,0.00,1000,
1,188,1096613,"Plastic, Baffle, EMC Tray Cover, EVT",24,ZROH,05,"18,720.00",1000,
1,189,1096613-01,"Plastic, Baffle, EMC Tray Cover, w/ Inse",12,ZROH,05,"23,250.00",1000,
1,190,1096998-01,"NIC, Diorite FullRock 12GB with Google W",24,ZROH,05,0.00,1000,
1,191,1097116-03,"NIC, Diorite FullRock 48GB with Google W",24,ZROH,02,0.00,1000,
1,192,1098724-03,"CSSD-PH2X, EXTRA SECURE CASE, 128GB RAW,",13,ZROH,03,"41,563.95",1000,
1,193,1098743-03,"CSSD-PH2X, PCBA, 128GB Raw, 100GB Useabl",1,ZROH,05,"35,576.48",1000,
1,194,1098744-04,"CSSD-PH2X, PCBA, 128GB Raw, 100GB Useabl",6,ZROH,05,"34,470.00",1000,
1,195,1098746-04,"CSSD-PH2X, PCBA, 512GB Raw, 480GB Useabl",19,ZROH,05,"70,150.00",1000,
1,196,1098823-01,"Cable, HDMI, Power, Diorite to Dedicated",3,ZROH,05,"1,871.50",1000,
1,197,1099278,"ASM, EMC Tray Cover, Without Baffle, ILK",24,ZROH,05,0.00,1000,
1,198,11000721-01,"Packaging, Rackback,Single Pack Box",24,ZROH,05,0.00,1000,
1,199,11000780-01,"Packaging, Assembly, Truck Pack(20), inc",23,ZROH,03,0.00,1000,
1,200,110113G00-187-G,"Intel,8260,,2.4GHz,CD8069504201101",24,ZROH,05,"1,850,000.00",1000,
1,201,1101287,"ASM.EMC Tray Cover, Air Baffle, PVT",8,ZROH,05,"26,490.00",1000,
1,202,1101288,"Plastic, Baffle, EMC Tray Cover, w/o Ins",24,ZROH,05,0.00,1000,
1,203,1101520,"Option, PCIe, NIC, 1 Port, 1x100GE zQSFP",24,ZMOD,SM009,,,
1,204,1101522,"SCR,6-32x6MM,FHP,120 DEG,NYLOK,STL,ZN",17,ZROH,05,120.00,1000,
1,205,1101569,"Heatsink, CPU, Modification, Conan, DVT",24,ZROH,03,"146,770.00",1000,
1,206,1101569-01,"Heatsink, CPU, Modification, Conan, DVT",8,ZROH,UMOTHR,"36,030.00",1000,
1,207,1103636-01,CONAN_MB_EVT1(EM528K+HVLP_GCE_main src B,24,ZHLB,SM007,,,
1,208,1103636-02,Pre-DVT Conan,24,ZROH,SM007,"784,160.00",1000,
1,209,1103636-04,"Motherboard, Conan, PCB EM528K, DVT2",24,ZROH,05,"1,043,330.00",1000,
1,210,1103636-04-613,"Motherboard, PCBA, Conan, GCE PCB EM528K",24,ZHLB,05,"1,043,330.00",1000,
1,211,1103638-01,Conan EVT-1,24,ZROH,SM007,"784,160.00",1000,
1,212,1103638-02,MOBO PRE-DVT CONAN,24,ZROH,05,"909,597.88",1000,
1,213,1103638-03,CONAN_MB_DVT1(EM528K+HVLP_SANMINA),24,ZROH,SM007,"591,410.00",1000,
1,214,1103638-04,CONAN_MB_DVT2(MEGA-6G+HVLP2_GCE),24,ZHLB,SM007,"942,880.00",1000,
1,215,1103638-04-3F2,"Motherboard, PCBA, Conan, ISU PCB Meg6G_",24,ZHLB,05,"1,146,580.00",1000,
1,216,1103638-04-613,"Motherboard, PCBA, Conan, GCE PCB Meg6G_",24,ZHLB,05,"942,880.00",1000,
1,217,1103638-05,"Motherboard, PCBA, Conan, PCB Meg6G_HVLP",27,ZHLB,05,"965,060.00",1000,
1,218,1103745-01,"Option, Memory, 32GB, 2Rx4 RANK, DDR4-24",13,ZROH,03,"147,000.00",1000,
1,219,1103750-03,"Assy, IO Module, Orizuru-Hybrid, IHS, 1",24,ZFRT,01,"177,950.00",1000,
1,220,1103751,"Assy, Orizuru-Hybrid, IO Module bracket,",3,ZROH,05,"12,350.00",1000,
1,221,1103751-01,"Assy, x16x8x8 IO Module Bracket, Izumi,",24,ZROH,05,0.00,1000,
1,222,1104415,"Hard Drive, 18TB, 7200 RPM, 512MB Cac",13,ZROH,02,"262,000.00",1000,
1,223,1106221-01,"Memory, 32GB, Micron-IDT/Montage, DDR4-3",13,ZROH,02,"140,000.00",1000,
1,224,1106228,"Hard Drive, Evans BP HSMR, 18TB, 7200 RP",13,ZROH,03,"277,000.00",1000,
1,225,1106934-02,"Assy, Warthog Debug, PCIe Gen4 x8, 4096G",24,ZROH,02,0.00,1000,
1,226,1106934-04,"Assy, Warthog, PCIe Gen4 x8, 4096GB TLC,",12,ZROH,02,0.00,1000,
1,227,1107157-01,"Cable, HDMI, Standard Type A Male-to- St",3,ZROH,05,"4,200.00",1000,
1,228,1107204-01,"Memory, 64GB, Micron-Montage/Renesas-MPS",24,ZROH,02,0.00,1000,
1,229,1107204-02,"Memory, 64GB, Micron-Montage/Renesas-MPS",1,ZROH,02,0.00,1000,
1,230,1107242-01,"Memory, 64GB, Micron-Montage/Renesas-Ren",22,ZROH,02,0.00,1000,
1,231,1110360,"Option, Motherboard, PCBA, Conan, DVT2,",24,ZMOD,05,,,
1,232,1110361,"Face plate, Warthog, x8 IO module, Izumi",3,ZROH,05,510.00,1000,
1,233,1110361-FLG,"Face plate, Warthog, x8 IO module, Izumi",24,ZROH,05,0.00,1000,
1,234,1110384,"SM, x8 IO MODULE FACEPLATE, RAZORBACK",3,ZROH,05,"10,420.00",1000,
1,235,1110819,"ASM, PDB Ejection Module, Mobo Bottom Br",3,ZROH,05,"8,253.98",1000,
1,236,1110819-FLG,"ASM, PDB Ejection Module, Mobo Bottom Br",24,ZROH,05,0.00,1000,
1,237,1110820,"ASM, PDB Ejection Module, Board to Board",12,ZROH,05,"6,070.00",1000,
1,238,1110820-01,"ASM, PDB Ejection Module, Board to Board",3,ZROH,05,"3,277.17",1000,
1,239,1110820-01-FLG,"ASM, PDB Ejection Module, Mobo Bottom Br",24,ZROH,05,0.00,1000,
1,240,1110831,"Plastic, PDB Interposer Cradle w/ M3x3 T",3,ZROH,05,860.00,1000,
1,241,1110831-FLG,"Plastic, PDB Interposer Cradle w/ M3x3 T",24,ZROH,05,0.00,1000,
1,242,1110833,"ASM, PDB Bracket",3,ZROH,05,"14,989.76",1000,
1,243,1110833-FLG,"ASM, PDB Bracket",24,ZROH,05,0.00,1000,
1,244,1110834,"ASM, PDB Cover",3,ZROH,05,"1,630.00",1000,
1,245,1110834-FLG,"ASM, PDB Cover",24,ZROH,05,0.00,1000,
1,246,1110835,"ASM, PDB Fan Cage Bracket",24,ZROH,05,"2,030.00",1000,
1,247,1110835-01,"ASM, PDB Fan Cage Bracket",3,ZROH,05,"2,400.00",1000,
1,248,1110835-01-FLG,"ASM, PDB Fan Cage Bracket",24,ZROH,05,0.00,1000,
1,249,1110841,"Plastic, PDB Cable Duct w/ M3x3 Threaded",3,ZROH,05,600.00,1000,
1,250,1110841-FLG,"Plastic, PDB Cable Duct w/ Inserts",24,ZROH,05,0.00,1000,
1,251,1110843,"Plastic, PDB Fan Holder w/ Inserts, IZU/",3,ZROH,05,330.00,1000,
1,252,1110843-FLG,"Plastic, PDB Fan Holder w/ Inserts, IZU/",24,ZROH,05,0.00,1000,
1,253,1110844-01,"SM, PDB Fan Cage Bracket",24,ZROH,05,0.00,1000,
1,254,1110847,"ASM, Bay Air Baffle Module",3,ZROH,05,"6,310.00",1000,
1,255,1110847-FLG,"ASM, Bay Air Baffle Module  ",24,ZROH,05,0.00,1000,
1,256,1110850,"ASM, Tray Right Blank Filler",3,ZROH,05,"1,650.00",1000,
1,257,1110850-FLG,"ASM, Tray Right Blank Filler ",24,ZROH,05,0.00,1000,
1,258,1111596-01,"Memory, 32GB, Samsung-IDT/RBS-MPS, DDR5-",1,ZROH,02,0.00,1000,
1,259,1111598-01,"Memory, 32GB, Samsung-MTG-S.LSI, DDR5-48",1,ZROH,02,0.00,1000,
1,260,1111599-01,"Memory, 32GB, Samsung-MTG-S.LSI, DDR5-48",24,ZROH,02,0.00,1000,
1,261,1111669-01,"Memory, 64GB, Samsung-IDT/RBS-MPS, DDR5-",1,ZROH,02,"420,000.00",1000,
1,262,1111728-01,"Memory, 32GB, Micron-Montage/Renesas-MPS",24,ZROH,02,0.00,1000,
1,263,1111728-02,"Memory, 32GB, Micron-Montage/Renesas-MPS",1,ZROH,05,0.00,1000,
1,264,1111735-01,"Memory, 32GB, Micron-Montage/Renesas-Ric",24,ZROH,05,0.00,1000,
1,265,1111738-01,"Memory, 32GB, Micron-Montage/Renesas-Ric",24,ZROH,02,0.00,1000,
1,266,1111739-01,"Memory, 32GB, Micron-Montage/Renesas-MPS",1,ZROH,02,0.00,1000,
1,267,1112025,"Options, Programmed part, BIOS, Rackback",24,ZMOD,05,,,
1,268,1112028-01,"Options, Programmed part, BIOS, Rackback",15,ZROH,05,"1,341.48",1000,
1,269,1112140,"Option, Memory, 64GB, 9x4, 2Rx4 RANK, DD",24,ZMOD,SM009,,,
1,270,1112233-01,"Memory, 64GB, Hynix-Renesas-TI, DDR5-480",1,ZROH,02,0.00,1000,
1,271,1112234-01,"Memory, 64GB, Hynix-Renesas-TI, DDR5-480",1,ZROH,02,0.00,1000,
1,272,1112236-01,"Memory, 64GB, Hynix-Renesas-TI, DDR5-480",1,ZROH,02,0.00,1000,
1,273,1112237-01,"Memory, 64GB, Hynix-Rambus-Renesas, DDR5",1,ZROH,02,"420,000.00",1000,
1,274,1112244-01,"Memory, 32GB, Hynix-Renesas-TI, DDR5-480",1,ZROH,02,0.00,1000,
1,275,1112246-01,"Memory, 32GB, Hynix-Rambus-Renesas, DDR5",24,ZROH,02,0.00,1000,
1,276,1112270,"Assy, Fan Module, Plastic Guard, Rackbac",24,ZMOD,SM009,,,
1,277,1112401-01,"Memory, 32GB, Samsung-Montage-S.LSI, DDR",24,ZROH,02,0.00,1000,
1,278,1112402-01,"Memory, 32GB, Samsung-IDT/Rambus-MPS, DD",1,ZROH,02,"220,000.00",1000,
1,279,1112433-01,"Memory, 64GB, Samsung-Montage-S.LSI, DDR",1,ZROH,02,"420,000.00",1000,
1,280,1112460,"Sheet Metal, IZU x8 PCIe Dummy Bracket",3,ZROH,05,270.00,1000,
1,281,1112460-FLG,"Sheet Metal, IZU x8 PCIe Dummy Bracket",24,ZROH,05,0.00,1000,
1,282,1112582,"ASM, Top Cover w/ Hardware",18,ZROH,03,"41,290.00",1000,
1,283,1112583,"Plastic, Baffle, EMC, Astoria",12,ZROH,03,"16,500.00",1000,
1,284,1112583-01,"Plastic, Baffle, EMC, Astoria, EVT1",4,ZROH,05,"16,500.00",1000,
1,285,1112593,"ASM, Tray Cover, Air Baffle, Astoria",24,ZROH,05,"60,190.00",1000,
1,286,1112593-01,"ASM, Tray Cover, Air Baffle, Astoria, EV",12,ZROH,05,"60,190.00",1000,
1,287,1112593-02,"ASM, Tray Cover, Air Baffle, Astoria, EV",3,ZROH,05,"41,421.20",1000,
1,288,1112593-02-FLG,"ASM, Tray Cover, Air Baffle, Astoria(FLE",24,ZROH,05,0.00,1000,
1,289,1112593-03,"ASM, Tray Cover, Air Baffle, Astoria, EV",24,ZMOD,SM009,,,
1,290,1112690,"Assy, Tray, ASTORIA, Base Config, Pre-EV",24,ZMOD,03,,,
1,291,1112728,"Assy, Tray, Conan, 1xAltra 64/3.0, 1x64G",24,ZFRT,01,"1,169,640.00",1000,
1,292,1112729,"Assy, Tray, Conan, 1xAltra 64/3.0, Base",24,ZMOD,05,,,
1,293,1112985,"Plastic, CPU Baffle, Conan",12,ZROH,05,"11,230.00",1000,
1,294,1112986,"Assy, CPU Baffle, Conan",8,ZROH,05,"4,430.00",1000,
1,295,1113064,"Options Hard Drive, 18T HSMR (19.4TB), S",24,ZMOD,05,,,
1,296,1113065,"Options Hard Drive, 18T HSMR (19.4TB), S",24,ZMOD,05,,,
1,297,1113292,"SCR,M4X.7MMX10MM L,PAN,PHILLIPS,STL,ZN",17,ZROH,05,105.00,1000,
1,298,1113348-01,"Motherboard, PCBA, Astoria, Pre-EVT, Meg",24,ZHLB,03,"1,203,390.00",1000,
1,299,1113348-02,"Motherboard, PCBA, Astoria, EVT1, Meg6G,",24,ZHLB,05,0.00,1000,
1,300,1113348-03,"Motherboard, PCBA, Astoria, EVT2, Meg6G,",24,ZHLB,05,"1,117,640.00",1000,
1,301,1113353,"Assy, Tray, ASTORIA, Genoa, Super Big Gu",24,ZFRT,01,"2,898,500.00",1000,
1,302,1113356-01,"Assy, IO Module, Orizuru, ISZ, 1xShort I",24,ZMOD,SM009,,,
1,303,1113357-01,"Assy, IO Module, Orizuru-GSSD, IGS, 1xSh",24,ZMOD,03,,,
1,304,1113358,CPU Heatsink,24,ZROH,05,0.00,1000,
1,305,1113445,"Fan Assembly Mech, 60x60x38 mm, 5 Impell",8,ZROH,03,"6,152.37",1000,
1,306,1113485-01,"Programmed Device, SPI Flash, Agora V2,",24,ZROH,03,0.00,1000,
1,307,1113490,"Assy, Tray, Ikea 3.0/4.0, Rackback Slide",24,ZFRT,01,"1,170,470.00",1000,
1,308,1113499-01,"Programmed Device, Flash, Agora V2, BMC,",24,ZROH,03,0.00,1000,
1,309,1113705,"Assy, Tray, Ikea 4.0 RBS, Flatback Slide",24,ZFRT,01,"4,485,600.00",1000,
1,310,1113706,"Assy, Tray, Ikea 3.0/4.0, Rackback Slide",24,ZFRT,01,"4,771,470.00",1000,
1,311,1113720,"Sheet Metal, IZU x16 PCIe Dummy Bracket",3,ZROH,05,215.79,1000,
1,312,1113720-FLG,"Sheet Metal, IZU x16 PCIe Dummy Bracket",24,ZROH,05,0.00,1000,
1,313,1113925-01,"Memory, 128GB, Samsung-RBS-MPS, DDR5-480",1,ZROH,02,0.00,1000,
1,314,1114015,FOAM,12,ZROH,05,230.00,1000,
1,315,1114156-01,"Memory, 32GB, Hynix-Rambus-Renesas, DDR5",1,ZROH,02,"220,000.00",1000,
1,316,1114157-01,"Memory, 32GB, Hynix-Renesas-TI, DDR5-480",24,ZROH,02,0.00,1000,
1,317,1114189,"ASM, EMC Front Panel, Granite, PE0, ILK/",26,ZROH,05,"8,120.00",1000,
1,318,1114467,"Screw, Flathead, Low thickness head, Phi",17,ZROH,05,10.00,1000,
1,319,1114485,"Packaging, Top Level Assembly, Truck Pac",24,ZROH,04,0.00,1000,
1,320,1114485-01,Conan Tray Truck Pack TLA,24,ZROH,04,0.00,1000,
1,321,1114808,"Fan Assembly Mech, 80x80x38 mm, Plastic",24,ZROH,05,"11,620.00",1000,
1,322,1114809,"Fan, 40x40x28 mm, 25000 RPM, 10.8V-13.2V",3,ZROH,05,"7,624.71",1000,
1,323,1115087,"Options, Fan Assembly, Rackback VE, Fan,",24,ZMOD,SM009,,,
1,324,1115088,"Fan Assembly Mech, Rackback VE, 80x80x25",15,ZROH,02,"5,440.00",1000,
1,325,1115089,"Fan Assembly Mech, Rackback VE, 80x80x25",16,ZROH,02,0.00,1000,
1,326,1115416,"LABEL, SYSTEM, Rackback-VE",11,ZROH,02,0.00,1000,
1,327,1115416,"LABEL, SYSTEM, Rackback-VE",24,ZROH,02,0.00,1000,
1,328,1115418,"LABEL, SYSTEM, Flatback-VE",24,ZROH,02,0.00,1000,
1,329,1115424,"Label, Agency, 78mm x 50mm, Metalized Si",24,ZROH,05,255.28,1000,
1,330,1115450,"Option, LABEL, SYSTEM, Rackback-VE, Use",24,ZMOD,SM009,,,
1,331,1115451,"Option, LABEL, SYSTEM, Flatback-VE, Use",24,ZMOD,SM009,,,
1,332,1115589,"Assy, Tray, Conan, 1xAltra 64/3.0, 1x64G",24,ZFRT,01,"735,620.29",1000,
1,333,1115706-01,"Assy, PCIe Cable, 1xShort IO Adapter, on",12,ZROH,05,"72,300.00",1000,
1,334,1115708-01,"Assy, PCIe cable, 1xShort IO Adapter, 1",12,ZROH,05,"102,800.00",1000,
1,335,1117005,"Gasket, EMI Fan Honeycomb",4,ZROH,05,"15,827.16",1000,
1,336,1117170-01,"Memory, 32GB, Micron-Montage/Renesas-MPS",24,ZROH,02,0.00,1000,
1,337,1117363-01,"Motherboard, PCBA, Astoria, Pre-EVT, EM8",24,ZROH,03,0.00,1000,
1,338,1117363-02,"Motherboard, PCBA, Astoria, EVT1, Meg6G,",24,ZHLB,05,"1,014,410.00",1000,
1,339,1117363-02-D,"Motherboard, PCBA, Astoria, EVT1, Meg6G,",24,ZHLB,05,"1,014,410.00",1000,
1,340,1117363-03,"Motherboard, PCBA, Astoria, EVT2, EM891,",24,ZHLB,05,"1,114,570.00",1000,
1,341,1117364,"Option, Motherboard, PCBA, Astoria, RoHS",24,ZMOD,03,,,
1,342,1117606,"Packaging, Top Level Assembly, Truck Pac",23,ZROH,04,0.00,1000,
1,343,1118705,"Hard Drive, LongsPeak 20TB HSMR, 7200 RP",13,ZROH,02,"302,365.30",1000,
1,344,1118803-01,"Motherboard, PCBA, Conan, PCB Meg6G_HVLP",18,ZHLB,05,"971,470.00",1000,
1,345,1118803-01_VICOR_NBM,"Motherboard, PCBA, Conan, PCB Meg6G_HVLP",24,ZHLB,05,0.00,1000,
1,346,1118972,"Hard Drive, LongsPeak 19TB HSMR, 7200 RP",13,ZROH,02,"287,150.38",1000,
1,347,1119041-01,"Assy, DC-SCM, AGORA V2AH, Meg4S+RTF, EVT",24,ZHLB,05,0.00,1000,
1,348,1119041-03,Astoria_AGORA_V2AH_DVT1(MEGTRON 4S+RG311,24,ZHLB,SM007,"62,347.41",1000,
1,349,1119098,"Assy, CPU Heatsink, 6HP, 3 Al Fin Stack,",24,ZROH,05,"468,430.00",1000,
1,350,1119241-01,"Motherboard, PCBA, Xena, pre-EVT, RoHS",24,ZHLB,05,"629,790.00",1000,
1,351,1119241-02,"Motherboard, PCBA, Xena, pre-EVT, RoHS",24,ZHLB,05,"1,052,380.00",1000,
1,352,1119243-01,"Assy, Agora-V2ND, DC-SCM, Xena, pre-EVT,",24,ZHLB,05,"206,340.00",1000,
1,353,1119244,"Option, Motherboard, PCBA, Conan, PVT, R",24,ZMOD,SM009,,,
1,354,1119245,"Assy, Tray, Conan, 1xAltra 64/3.0, Base",24,ZMOD,SM009,,,
1,355,1119246,"Assy, Tray, Conan, 1xAltra 64/3.0, 1x64G",24,ZFRT,01,"3,299,420.00",1000,
1,356,1119679-01,"Assy, Warthog, PCIe Gen4 x8, 4096GB TLC,",1,ZROH,02,0.00,1000,
1,357,1119757,"Option, Flash Card, PCIE, Warthog, 4096G",24,ZMOD,SM009,,,
1,358,1119757-01,"Option, Flash Card, PCIE, Warthog, 4096G",24,ZMOD,SM009,,,
1,359,1119757-02,"Option, Flash Card, PCIE, Warthog, 4096G",24,ZMOD,SM009,,,
1,360,1119757-03,"Option, Flash Card, PCIE, Warthog, 4096G",24,ZMOD,SM009,,,
1,361,1119758,"Assy, Warthog w/ Option, 4096GB Prod War",24,ZMOD,SM009,,,
1,362,1119758-01,"Assy, Warthog w/ Option, 4096GB Prod War",24,ZMOD,SM009,,,
1,363,1119758-02,"Assy, Warthog w/ Option, 4096GB Prod War",24,ZMOD,SM009,,,
1,364,1119758-03,"Assy, Warthog w/ Option, 4096GB Prod War",24,ZMOD,SM009,,,
1,365,1119956,"Assy, Tray, ASTORIA, Base Config, EVT1",24,ZMOD,SM009,,,
1,366,1119957,AMD EPYC Processor - 14/96/320 ES1:EVT1,24,ZROH,02,0.00,1000,
1,367,1119958,"Options, Heatsink, CPU, Astoria, EVT1",24,ZMOD,SM009,,,
1,368,1119963,"Option, Motherboard, PCBA, Astoria, RoHS",24,ZMOD,SM009,,,
1,369,1119965,"Assy, Tray, Astoria, Genoa 96/320, Super",24,ZFRT,01,"2,578,920.00",1000,
1,370,1119972,"Assy, Tray, Astoria, Genoa 96/320, Super",24,ZFRT,01,"2,749,260.00",1000,
1,371,1119973,"Assy, Tray, Astoria, Genoa 96/320, Super",24,ZFRT,01,"2,361,370.00",1000,
1,372,1119974,"Assy, Tray, Astoria, Genoa 96/320, Super",24,ZFRT,01,"2,602,270.00",1000,
1,373,1119975-01,"Assy, PCBA, Flatback-VE, PVT, RoHS ",15,ZROH,02,"171,870.00",1000,none remaining?
1,374,1119976-01,"Assy, PCBA, RackBack-VE, PVT, RoHS ",15,ZROH,02,"170,860.00",1000,none remaining?
1,375,1119978,"Assy, Tray, Ikea, Base Config, IceFyre w",24,ZMOD,SM009,,,
1,376,1119979,"Assy,Tray, Ikea, Base Config, Flatback-V",24,ZMOD,SM009,,,
1,377,1119983,"Assy, Tray, Ikea 3.0/4.0, Rackback-VE Sl",24,ZFRT,01,"4,529,990.00",1000,
1,378,1119984,"Assy, Tray, Ikea 3.0/4.0, Flatback-VE Sl",24,ZFRT,01,"4,216,410.00",1000,
1,379,1120056,"Option, Flash Card, PCIE, Razorback, 409",24,ZMOD,SM009,,,
1,380,1120056-01,"Option, Flash Card, PCIE, Razorback, 409",24,ZMOD,SM009,,,
1,381,1120057,"Assy, Razorback w/ Option, 4096GB eMLC/e",24,ZMOD,SM009,,,
1,382,1120057-01,"Assy, Razorback w/ Option, 4096GB eMLC/e",24,ZMOD,SM009,,,
1,383,1120158-01,"Assy, Warthog, PCIe Gen4 x8, 4096GB TLC,",24,ZROH,02,0.00,1000,
1,384,1120160-01,"Assy, Warthog, PCIe Gen4 x8, 4096GB TLC,",22,ZROH,02,0.00,1000,
1,385,1120291,"ASSY,MECHANICAL,FLATBACK SLIDER 15,VE, V",15,ZROH,03,"77,240.00",1000,
1,386,1120292,RB Slider VE Chassis,15,ZROH,03,"73,680.00",1000,
1,387,1120856-01,"Assy, IO Module, Orizuru-GSSD, GSS, 2xSh",24,ZMOD,SM009,,,
1,388,1120860-01,"Assy, IO Module, Orizuru-Hybrid, IHS, 1",24,ZMOD,SM009,,,
1,389,1121845,"Assy, Tray, Ikea 4.0 RBS, Flatback Slide",24,ZFRT,01,"4,905,600.00",1000,
1,390,1121846,"Assy, Tray, Ikea 3.0/4.0, Rackback Slide",24,ZFRT,01,"5,135,470.00",1000,
1,391,1121852,"Options Hard Drive, 20TB HSMR, SATA, Rac",24,ZMOD,SM009,,,
1,392,1121853,"Options Hard Drive, 20TB HSMR, SATA, Fla",24,ZMOD,SM009,,,
1,393,1121944,"ASM, Top Cover, Xena",24,ZMOD,SM009,,,
1,394,1121982,"ASM, Base Tray With Fan Cage and Sponge,",20,ZROH,05,"241,225.97",1000,
1,395,1121982-01,"ASM, Base Tray With Fan Cage and Sponge,",24,ZROH,05,"294,000.00",1000,
1,396,1121994,"ASM, Top Cover, Xena",24,ZMOD,05,112.00,1,
1,397,1121994-01,1121994-01_ASM_TOP_COVER_XENA,20,ZROH,01,"85,730.00",1000,
1,398,1121994-02,1121994-01_ASM_TOP_COVER_XENA,24,ZROH,05,"138,280.00",1000,
1,399,1121995,"Airduct, Top Cover, Xena",3,ZROH,05,"9,370.00",1000,
1,400,1121999,"ASM, Top Cover, no Duct, Xena",24,ZROH,05,"109,000.00",1000,from Mindy's List
1,401,1122147,"Assy, Tray, Xena, Siryn 160/3.0, 1x64GB/",24,ZFRT,01,"3,556,470.00",1000,
1,402,1122148,"Assy, Tray, Xena, Siryn 160/3.0, Base Co",24,ZMOD,SM009,,,
1,403,1122156,"Heatsink, Model B, CPU, Xena, Pre-EVT",24,ZROH,05,"1,632,910.00",1000,
1,404,1122156-01,"Heatsink, CPU, Xena, EVT",20,ZROH,05,"320,642.94",1000,
1,405,1122162,"Option, Temperature Sensor, I2Cool, Xena",24,ZMOD,SM009,,,
1,406,1122163,"Options, Fan Assembly, 80x80x38 mm, Plas",24,ZMOD,SM009,,,
1,407,1122168,"Ampere Scalable Processors, 160/3.0GHz,",24,ZROH,02,0.00,1000,
1,408,1122194,"Options, CSSD-PH2X, PCBA, 64GB/128GB Raw",24,ZMOD,SM009,,,
1,409,1122217,"Assembly Label, 0.5"" x 0.2"", Glossy Whit",24,ZMOD,SM009,,,
1,410,1122219,"Option, Memory, 32GB, 10x4, 1Rx4 RANK, S",24,ZMOD,SM009,,,
1,412,1122227,"Assy, Tray, Xena, Siryn 160/3.0, 1x64GB/",24,ZFRT,01,"3,547,550.00",1000,
1,413,1122228,"Option, Flash Card, PCIE, Warthog, 4096G",24,ZMOD,SM009,,,
1,414,1122228-01,"Option, Flash Card, PCIE, Warthog, 4096G",24,ZMOD,SM009,,,
1,415,1122229,"Assy, Warthog w/ Option, 4096GB Prod War",24,ZMOD,SM009,,,
1,416,1122229-01,"Assy, Warthog w/ Option, 4096GB Prod War",24,ZMOD,SM009,,,
1,417,1122236,"Assy, Tray, Xena, Siryn 160/3.0, 1x64GB/",24,ZFRT,01,"3,908,560.00",1000,
1,418,1122239,"Option, Memory, 32GB, 10x4, 1Rx4 RANK, M",24,ZMOD,SM009,,,
1,419,1122307-01,"Memory, 128GB, Samsung-RBS-MPS, DDR5-480",1,ZROH,02,0.00,1000,
1,420,1122880,"Keyhole, Self-clinching, Standoff",24,ZROH,05,0.00,1000,
1,421,1123036,"Screw, Phillips, Pan HD w/washer,  #4-40",24,ZROH,05,0.00,1000,
1,422,1123800,"JDM, SCREW, Fan Screw, M4 18P x 7.5, #2",17,ZROH,05,80.00,1000,
1,423,1123801,"JDM, SCREW, #8-16 TAPPING x 9.5mm, #2 Ph",17,ZROH,05,33.69,1000,
1,424,1123858,"JDM, SCREW, M3 x 7.5, 2mm Shoulder, with",17,ZROH,05,31.04,1000,SMC_Xena_1-1
1,425,1123883,"JDM, SCREW, 6-32 x 3mm, Low-profile, wit",17,ZROH,05,87.70,1000,
1,426,1123885,"JDM, SCREW, M3 x 7.5, 2mm Shoulder, with",17,ZROH,05,171.53,1000,
1,427,1123888-01,"Assy, PDB Power Module, Gulp 850W, Delta",24,ZFRT,01,"154,030.00",1000,
1,428,1123888-02,"Assy, PDB Power Module, Gulp 850W, Delta",24,ZFRT,01,"161,270.00",1000,
1,429,1123889-01,"PDB, PCBA, 850W Power Supply board, Gulp",24,ZHLB,05,"98,518.32",1000,
1,430,1123889-02,Astoria_Mid Gulp_PDB_brick_Scout Build_1,24,ZHLB,SM007,0.00,1000,
1,431,1123935,"Assembly, Faceplate, Diorite, FRG, Low P",22,ZROH,05,0.00,1000,
1,432,1123935-FMP,"Assembly, Faceplate, Diorite, FRG, Low P",4,ZROH,05,436.25,1000,
1,433,1123978,Power cable connecting PSU and MINI PDBB,24,ZROH,05,0.00,1000,
1,434,1124014,"Assy, Tray, ASTORIA, Base Config, EMC, E",24,ZMOD,SM009,,,
1,435,1124015,"Assy, Tray, Astoria, Genoa 96/320, Super",24,ZFRT,01,"2,385,370.00",1000,
1,436,1124053,"Screw, U4-40*6.35(WASHER)-P(NI)STEEL",17,ZROH,05,240.00,1000,
1,437,1124055,"Option, Memory, 64GB, 9x4, 2Rx4 RANK, DD",24,ZMOD,SM009,,,
1,438,1124056,"Assy, Tray, Astoria, Genoa 96/320, Super",24,ZFRT,01,"2,284,950.00",1000,
1,439,1124058,"Assy, Tray, Astoria, Genoa 96/320, Super",24,ZFRT,01,"2,296,830.00",1000,
1,440,1124059,"Assy, Tray, Astoria, Genoa 96/320, Super",24,ZFRT,01,"2,257,820.00",1000,
1,441,1124061,"Assy, Tray, Astoria, Genoa 96/320, Super",24,ZFRT,01,"2,579,530.00",1000,
1,442,1124062,"Option, Memory, 128GB, 10x4, 4Rx4 RANK,",24,ZMOD,SM009,,,
1,443,1124063,"Option, Memory, 32GB, 9x4, 1Rx4 RANK, DD",24,ZMOD,SM009,,,
1,444,1124064,"Assy, Tray, Astoria, Genoa 96/320, Super",24,ZFRT,01,"2,969,150.00",1000,
1,445,1124183,"Combo Assy, Motherboard+96C ES2 A0 CPU,",24,ZHLB,SM007,"1,116,110.00",1000,
1,446,1124293,"Assy, CPU Heatsink, 6HP, 3 Al Fin Stack",12,ZROH,05,"412,570.00",1000,
1,447,1124295,"Assy, CPU Heatsink, 6HP, 3 Al Fin Stack,",24,ZROH,05,"147,500.00",1000,
1,448,1124347,"Assy, Tray, Astoria, Genoa 96/320, Super",24,ZFRT,01,"2,244,690.00",1000,
1,449,1124356,"Assy, Tray, Astoria, Genoa 96/320, Super",24,ZFRT,01,0.00,1000,
1,450,1124365,"Assy, Tray, Astoria, Genoa 96/320, Super",24,ZFRT,01,"2,469,500.00",1000,
1,451,1124369,"Assy, Tray, Astoria, Genoa 96/320, Super",24,ZFRT,01,"2,588,900.00",1000,
1,452,1124373,"Assy, Tray, Astoria, Genoa 96/320, Super",24,ZFRT,01,"2,144,290.00",1000,
1,453,1124376,"Assy, Tray, Astoria, Genoa 96/320, Super",24,ZFRT,01,"2,129,870.00",1000,
1,454,1124583,"Options, Heatsink, CPU, Astoria, EVT2",24,ZMOD,SM009,,,
1,455,1124646,"Assembly, Label, Part Number / Serial Nu",24,ZMOD,SM009,,,
1,456,1124995,"Option, Memory, 32GB, 10x4, 1Rx4 RANK, D",24,ZMOD,SM009,,,
1,457,1125020,"Options, CSSD-PH2X, PCBA, 128GB Raw, 100",24,ZMOD,SM009,,,
1,458,1125063,"Options, Fan, 40x40x28 mm, PDB Gulp Powe",24,ZMOD,SM009,,,
1,459,1125331,AMD EPYC Processor - 14/96/320 ES2 A0:EV,24,ZROH,UMOTHR,0.00,1000,
1,460,1125333,AMD EPYC Processor - 14/32/200 ES2 A0:EV,24,ZROH,UMOTHR,0.00,1000,
1,461,1125336,"Combo Assy, Motherboard+32C ES2 A0 CPU,",24,ZHLB,SM007,"1,116,110.00",1000,
1,462,1125338,"Assy, Tray, ASTORIA, Base Config, 32C ES",24,ZMOD,SM009,,,
1,463,1125366-01,"NIC, Diorite B0 FullRock 12GB with Googl",24,ZROH,02,0.00,1000,
1,464,1125366-02,"NIC, Diorite B0 FullRock 12GB with Googl",24,ZROH,SM009,0.00,1000,
1,465,1125366-04,"NIC, Diorite B0 FullRock 12GB with Googl",22,ZROH,02,0.00,1000,
1,466,1125367-01,"NIC, Diorite B0 FullRock 48GB with Googl",22,ZROH,02,0.00,1000,AST-CONSIGNED?
1,467,1125367-02,"NIC, Diorite B0 FullRock 48GB with Googl",1,ZROH,02,0.00,1000,
1,468,1125385,"Assy, Tray, Astoria, Genoa 32/200, Super",24,ZFRT,01,"2,255,990.00",1000,
1,469,1125397,"Assy, Tray, Astoria, Genoa 32/200, Super",24,ZFRT,01,"2,284,950.00",1000,
1,470,1125398,"Assy, Tray, Astoria, Genoa 32/200, Super",24,ZFRT,01,"2,721,510.00",1000,
1,471,1125399,"Assy, Tray, Astoria, Genoa 32/200, Super",24,ZFRT,01,"2,685,380.00",1000,
1,472,1125492,"Options Hard Drive, 19TB CMR, 21TB HSMR,",24,ZMOD,SM009,,,
1,473,1125494,"Options Hard Drive, 19TB CMR, 21TB HSMR,",24,ZMOD,SM009,,,
1,474,1125497,"Assy, Tray, Ikea 3.0/4.0, Rackback Slide",24,ZFRT,01,"4,914,470.00",1000,
1,475,1125499,"Assy, Tray, Ikea 3.0/4.0, Flatback Slide",24,ZFRT,01,"4,650,600.00",1000,
1,476,1126396,"Assy, Tray, ASTORIA, Base Config, 96C ES",24,ZMOD,SM009,,,
1,477,1127624,"Options, CSSD-PH2X, PCBA, 64GB Raw, 48GB",24,ZMOD,SM009,,,
1,478,1127742,"Option, Memory, 64GB, 10x4, 2Rx4 RANK, D",24,ZMOD,SM009,,,
1,479,1127795,"Fan/Blower  Fan Assembly Mech, 80x80x38",3,ZROH,05,0.00,1000,
1,482,1128743,"Assy, Tray, Xena, Siryn 160/3.0, 1x64GB/",24,ZFRT,01,0.00,1000,
1,483,1128745,"Assy, Tray, Xena, Siryn 160/3.0, 1x64GB/",24,ZFRT,01,0.00,1000,
1,484,1128753,"Assy, Tray, Xena, Siryn 160/3.0, 1x64GB/",24,ZFRT,01,"3,476,810.00",1000,
1,485,1128755,"Assy, Tray, Xena, Siryn 160/3.0, Base Co",24,ZMOD,SM009,,,
1,486,1129148,"Assy, Tray, Xena, Siryn 160/3.0, 1x64GB/",24,ZFRT,01,"3,586,450.00",1000,
1,487,1129195,"ASM, Bay Air Baffle Module",3,ZROH,05,0.00,1000,
1,488,1129195-FLG,"Assy, Bay Air Baffle Module (25% opening",24,ZROH,05,0.00,1000,
1,489,1129298,"Assy, CPU Heatsink, 4 Al Finstack, 6 Cu",3,ZROH,05,"60,849.54",1000,
1,490,1129299,"Assy, CPU Heatsink, 3 Al Finstack, 6 Cu",3,ZROH,05,"15,128.79",1000,
1,491,1129511,"Assy, Diorite FullRock 12GB, 1x200GbE NI",24,ZMOD,SM009,,,
1,493,1129809,"Assy, Tray, Astoria, Genoa 96/320, Mid G",24,ZFRT,01,"2,411,956.18",1000,
1,505,1130879,"Combo Assy, Motherboard+96C PC-B0 CPU, ASTOR",27,ZHLB,SM007,"1,253,277.58",1000,
1,506,1130884-01,Power Cable. Astoria GULP PVT,24,ZROH,05,0.00,1000,
1,514,1131162,"Assy, Tray, Astoria, Genoa 96/320, Mid G",24,ZFRT,01,"2,174,691.10",1000,
1,515,1131169,"Assy, Tray, Astoria, Genoa 96/320, Mid G",24,ZFRT,01,"2,154,386.78",1000,
1,516,1131172,"Assy, Tray, Astoria, Genoa 96/320, Mid G",24,ZFRT,01,"2,504,096.60",1000,
1,518,1131196,"Assy, Tray, Astoria, Genoa 96/320, Mid G",24,ZFRT,01,"2,155,938.70",1000,
1,519,1131198,"Assy, Tray, Astoria, Genoa 96/320, Mid G",24,ZFRT,01,"2,154,386.78",1000,
1,520,1131200,"Assy, Tray, Astoria, Genoa 96/320, Super",24,ZFRT,01,"2,533,563.23",1000,
1,521,1131202,"Assy, Tray, Astoria, Genoa 96/320, Mid G",24,ZFRT,01,"2,479,086.77",1000,
1,526,1131548,"Packaging, Top Level Assembly, Truck Pac",24,ZROH,02,0.00,1000,
1,527,1131563-01,"Assy, PDB Power Module, Gulp 1500W, Delt",24,ZFRT,01,"197,580.00",1000,
1,529,1131567,"Assy, Tray, Astoria, Genoa 96/320, Mid G",24,ZFRT,01,0.00,1000,
1,530,1131569,"Assy, Tray, Astoria, Genoa 96/320, Mid G",24,ZFRT,01,0.00,1000,
1,534,1131604,"Assy, Tray, Astoria, Genoa 96/320, Mid G",24,ZFRT,01,"2,154,386.78",1000,
1,535,1131608,"Assy, Tray, Astoria, Genoa 96/320, Mid G",24,ZFRT,01,0.00,1000,
1,536,1131610,"Assy, Tray, Astoria, Genoa 96/320, Mid G",24,ZFRT,01,"2,173,596.80",1000,
1,537,1131613,"Assy, Tray, Astoria, Genoa 96/320, Mid G",24,ZFRT,01,"2,504,096.60",1000,
1,538,1131616,"Assy, Tray, Astoria, Genoa 96/320, Mid G",24,ZFRT,01,0.00,1000,
1,539,1131618,"Assy, Tray, Astoria, Genoa 96/320, Mid G",24,ZFRT,01,"2,504,096.60",1000,
1,542,1132029-01,"Assy, PCIe Cable, 1 x16 Short IO Adapter",20,ZROH,05,0.00,1000,
1,543,1132030-01,"Assy, PCIe Cable, 1 x16 Short IO Adapter",24,ZROH,05,0.00,1000,
1,544,1132115,"Assy, Tray, Xena, Siryn 160/3.0, 1x128GB",24,ZFRT,01,"2,412,270.00",1000,
1,546,1132967-01,Samsung SSD PM9A2 512GByte in M.2 2280,24,ZROH,05,0.00,1000,
1,547,1133703,"Assy, Tray, Conan, 1xAltra 64/3.0, 1x64G",24,ZFRT,01,0.00,1000,
1,548,1133714,"Assy, Tray, Conan, 1xAltra 64/3.0, Base",24,ZHLB,05,0.00,1000,
1,549,1134342,"LABEL, SYSTEM, Rackback, FXN,COO USA (wi",11,ZROH,05,1.30,1000,"IMS tag may list rolls.  If so, multiply by 1000 for labels"
1,550,1134343,"LABEL, SYSTEM, Flatback, FXN,COO USA (wi",11,ZROH,05,0.00,1000,
1,551,12000321-10,"Options, Programmed part, BIOS, Rackback",24,ZROH,03,"1,290.00",1000,
1,552,16000515-01,"Cable, TEST, RECTIFIER-TO-2x+48V INPUT,w",24,ZROH,02,0.00,1000,
1,553,16000516-01,"Cable, HDMI, R/A Type A Male-to- Standar",24,ZMOD,05,,,use PCB042C00036-2 instead
1,554,16000652-01,"Cable, SATA 22-pin Combo, 30AWG x 2-Pair",15,ZROH,03,"3,090.00",1000,
1,555,16001180-01,"Cable, HDMI,  Type D Male-to-Male, 19p,",24,ZROH,05,"3,790.00",1000,
1,556,1A21B7Q00-600-G,TOP-SLIDE-RAIL-ASSY,24,ZROH,MG7300,"28,550.00",1000,
1,557,1A22DSN00-600-G,01_FOXCONN-25HDD-CARRIER_CUPID,24,ZROH,MG7300,"2,030.00",1000,
1,558,1A424VP00-600-G,"SKX-EP NARROW NON-FABRIC CPU CARRIEP,N/A",24,ZROH,MG7300,430.00,1000,
1,559,1A52ND300-600-G,Groot SKU4 MODX BOM for B04-I6VD1-WI,24,ZROH,MG7300,"293,950.00",1000,
1,560,1B311NV00-600-G,2_FAN-HOLDER_AGLAIA,24,ZROH,MG7300,274.17,1000,
1,561,1B435U100-600-G,1_OCP-DUMMY_PURLEY.PRT,24,ZROH,MG7300,60.00,1000,
1,562,1B51LLJ00-600-G,PULL TAB,24,ZROH,MG7300,365.00,1000,
1,563,2331670-2,"Cable, Power, PDBB to Mobo, Length 102mm",8,ZROH,UMOTHR,"6,980.00",1000,
1,564,2388758-1,"Assy, PCIe Cable, 1xShort IO Adapter, on",12,ZROH,05,"72,300.00",1000,
1,565,2388812-1,"Assy, PCIe cable, 1xShort IO Adapter, 1",24,ZROH,05,"102,800.00",1000,
1,566,2404258-2,"Cable, Power, PDBB to Big Gulp Power mod",24,ZROH,05,0.00,1000,
1,567,25000815-03,"Options, CSSD, Secure Case, Sandforce 22",24,ZROH,03,"32,320.00",1000,
1,568,25000839-03,"Options, CSSD, Secure Case, Sandforce 22",24,ZROH,03,0.00,1000,
1,569,27000081-01,"Option, Memory, 32GB, 2Rx4 RANK, DDR4-24",24,ZROH,03,"158,000.00",1000,
1,570,27000110-01,"Option, Memory, 32GB, 2Rx4 RANK, DDR4-24",24,ZROH,03,0.00,1000,
1,571,27000111-01,"Option, Memory, 32GB, 2Rx4 RANK, DDR4-24",24,ZROH,03,0.00,1000,
1,572,27000116-01,"Option, Memory, 32GB, 2Rx4 RANK, DDR4-24",24,ZROH,03,0.00,1000,
1,573,27000117-01,"Option, Memory, 32GB, 2Rx4 RANK, DDR4-24",24,ZROH,03,0.00,1000,
1,574,27000120-01,"Option, Memory, 32GB, 2Rx4 RANK, DDR4-24",24,ZROH,03,0.00,1000,
1,575,27000121-01,"Option, Memory, 32GB, 2Rx4 RANK, DDR4-24",24,ZROH,03,0.00,1000,
1,576,2A2100G00-000-G,SCREW,24,ZROH,MG7300,50.71,1000,
1,577,2A270JW00-600-G,9_SCREW-FRONT_TWITTER-RAIL.PRT,24,ZROH,MG7300,92.50,1000,
1,578,2A583DF00-600-G,9_SCREW-632-L4_806,24,ZROH,MG7300,20.00,1000,
1,579,2A585MV00-G0K-G,"Screw, UNC 6-32, L5",18,ZROH,MG7300,0.00,1000,
1,580,2A587PN00-600-G,"Screw, U4-40*6.35(WASHER)-P(NI)STEEL",24,ZROH,05,240.00,1000,
1,581,2J071PN00-600-G,8_GASKET-OCP_PURLEY.PRT,24,ZROH,MG7300,195.00,1000,
1,582,2RK01P010EWA,BASE FOR 42U-RACK  SERVER,24,ZROH,MG7300,"198,512.86",1000,
1,583,2RK01P051EWA,L-FRAME FOR 42U-RACK  SERVER,24,ZROH,MG7300,"35,768.00",1000,
1,584,2RK01P060EWA,B-L-FRAME  FOR 42U-RACK  SERVER,24,ZROH,MG7300,"37,090.00",1000,
1,585,2RK01P070EWA,ROOF FOR 42U-RACK  SERVER,24,ZROH,MG7300,"65,999.17",1000,
1,586,2RK01P090EWA,CROSSBEAM-2 FOR 42U-RACK  SERVER,24,ZROH,MG7300,"23,609.38",1000,
1,587,2RK01P101EWA,R-FRAME FOR 42U-RACK  SERVER,24,ZROH,MG7300,"35,768.46",1000,
1,588,2RK01P110EWA,B-R-FRAME FOR 42U-RACK  SERVER,24,ZROH,MG7300,"37,090.63",1000,
1,589,2RK01P191EWA,B-MOUNTING-PROFILE  FOR 42U-RACK  SERVER,24,ZROH,MG7300,"43,376.32",1000,
1,590,2RK01P310EWA,TIE-DOWN-KIT-F FOR 42U-RACK  SERVER,24,ZROH,MG7300,"24,043.51",1000,
1,591,2RK01P334EWA,TOP-ANTI-TILT-LEGS FOR 42U-RACK  SERVER,24,ZROH,MG7300,"49,745.88",1000,
1,592,2RK01P510EWA,TOP-LOCK-BKT FOR 42U-RACK  SERVER,24,ZROH,MG7300,"18,217.03",1000,
1,593,2RK01P650EWA,CROSSBEAM-MID-RIB  FOR 42U-RACK  SERVER,24,ZROH,MG7300,"26,605.00",1000,
1,594,2RK01P670EWA,CROSSBEAM-MID FOR 42U-RACK  SERVER,24,ZROH,MG7300,"37,115.00",1000,
1,595,2RK01P761EWA,BUSH-OD8-5 FOR 42U-RACK  SERVER,24,ZROH,MG7300,"16,190.97",1000,
1,596,2RK01P803EWA,WHIP-MOUNT-BKT FOR 42U-RACK  SERVER,24,ZROH,MG7300,"36,247.94",1000,
1,597,2RK01P870EWA,SIDE-PANEL-HOOK-1 FOR 42U-RACK  SERVER,24,ZROH,MG7300,"22,595.71",1000,
1,598,2RK01P875EWA,SIDE-PANEL-HOOK-2_ORACLE,24,ZROH,MG7300,"22,595.71",1000,
1,599,2RK01P880EWA,SPACER-BKT FOR 42U-RACK  SERVER,24,ZROH,MG7300,"28,919.00",1000,
1,600,2RK04P170EWA,F-ROOF-PANEL FOR 42U-RACK  SERVER,24,ZROH,MG7300,"59,594.12",1000,
1,601,2RK04P180EWA,R-ROOF-PANEL FOR 42U-RACK  SERVER,24,ZROH,MG7300,"39,041.76",1000,
1,602,2RK04P240EWA,T_SIDE-PANEL FOR 42U-RACK  SERVER,24,ZROH,MG7300,"101,512.78",1000,
1,603,2RK04P520EWA,TOP-B_SIDE-PANEL FOR 42U-RACK  SERVER,24,ZROH,MG7300,"75,891.11",1000,
1,604,2SR-WZ01EWA,PARTS BULK 1  FOR 42U-RACK  SERVER,24,ZROH,MG7300,"125,285.83",1000,
1,605,2SR-WZ02EWA,PARTS BULK 2  FOR 42U-RACK  SERVER,24,ZROH,MG7300,"74,816.00",1000,
1,606,350743W00-245-G,"Cable, BP power cable",24,ZROH,MG7300,"2,310.00",1000,
1,607,350746700-GEF-G,"AC Power Cord,1.5M, IEC C13-C14",24,ZROH,MG7300,"1,272.50",1000,
1,608,35121DL00-245-G,"Cable,SKU4 cable Slimline",24,ZROH,MG7300,"13,200.00",1000,
1,609,367691077,"Cable, HDMI, Power,Dioriteto Dedicated",3,ZROH,05,740.00,1000,
1,610,3A027QB00-600-G,"BOX, RSC, 38.63X 23.00 X 7.99",18,ZROH,MG7300,"4,630.00",1000,
1,611,3A101JP00-600-G,CORRUGATED ACCESSORY,24,ZROH,MG7300,620.00,1000,
1,612,3AJ13-004,9_SCREW-6-32-L5,24,ZROH,MG7300,91.67,1000,
1,613,3AJ13-030,"SCREW,M3 L=4",24,ZROH,MG7300,546.25,1000,
1,614,3B298HU00-600-G,REAR FOAM INSERT,24,ZROH,MG7300,430.00,1000,
1,615,3B298Q900-600-G,BOTTOM FRONT CUSHION,24,ZROH,MG7300,"2,300.00",1000,
1,616,3B298QA00-600-G,BOTTOM REAR CUSHION,24,ZROH,MG7300,"2,300.00",1000,
1,617,3B298U800-600-G,TOP FRONT CUSHION,24,ZROH,MG7300,"1,710.00",1000,
1,618,3B298U900-600-G,TOP REAR CUSHION,24,ZROH,MG7300,"1,740.00",1000,
1,619,3C037GC00-600-G,Product label_ 40X40 BLANK,24,ZROH,MG7300,55.00,1000,
1,620,3C037QY00-600-G,LABEL_PCI-E_25GE_Dual port 0-9,18,ZROH,MG7300,935.00,1000,
1,621,3C037R000-600-G,Twins BD_OCP25G_Mezz_Card_IO_Label,24,ZROH,MG7300,443.27,1000,
1,622,3C037R100-600-G,8_AIC 0-4 label,24,ZROH,MG7300,685.00,1000,
1,623,3C037R200-600-G,NVMe HDD number 0-11 LBL,24,ZROH,MG7300,"1,590.00",1000,
1,624,3C037RP00-600-G,R1-Groot-HDD Sequence Label_10,24,ZROH,MG7300,370.00,1000,
1,625,3C0398W00-G0D-G,"Label, Agency, 78mm x 50mm, Metalized Si",11,ZROH,05,178.74,1000,
1,626,3C0398Y00-G0D-G,"Label, Agency, 78mm x 50mm, Metalized Si",18,ZROH,05,203.95,1000,
1,627,42000834-10,"Option, PCIe, NIC, 1 Port, 1x50GE zQSFP,",12,ZROH,05,"90,000.00",1000,
1,628,42000834-11,"Option, PCIe, NIC, 1 Port, 1x50GE zQSFP,",13,ZROH,03,"96,000.00",1000,
1,629,42000839-11,"Assy, PCBA, NIC, 1 Port, 1x100GE zQSFP,",12,ZROH,02,"90,000.00",1000,
1,630,42000839-12,"Assy, PCBA, NIC, 1 Port, 1x100GE zQSFP,",6,ZROH,02,"96,000.00",1000,
1,631,42001362-04,"Option, Assy, PCBA, IceFyre, Broadwell D",24,ZROH,03,0.00,1000,
1,632,42001364-05,"Option, Assy, PCBA, Rackback, Choose 1",24,ZROH,05,"190,920.00",1000,
1,633,42001364-06,"Option, Assy, PCBA, Rackback, Choose 1",24,ZROH,03,"191,300.00",1000,
1,634,42001364-07,"Option, Assy, PCBA, Rackback, Choose 1",24,ZROH,03,0.00,1000,
1,635,42001365-06,"PCBA, Flatback, MOSFET fix",24,ZROH,03,0.00,1000,
1,636,42001365-07,"PCBA, Flatback, MOSFET fix",24,ZROH,03,"192,290.00",1000,
1,637,42001504-02,"Assy, PCBA, .975"" x .35"", Temp Sensor, T",15,ZROH,03,"2,560.00",1000,
1,638,460506700-548-G,Groot and Twins CPU AL standard heatsink,24,ZROH,MG7300,"12,053.33",1000,
1,639,490208U00-553-G,AVC 4056 fan,24,ZROH,MG7300,"5,940.00",1000,
1,640,7346829A0WD,SHIP KIT PARTS  FOR 42U-RACK  SERVER,24,ZROH,MG7300,"76,814.17",1000,
1,641,7D061H100-600-G,8_FAN-RUBBER_806-A,24,ZROH,MG7300,101.46,1000,
1,642,7D061QG00-H60-G,"Silicone Rubber Foot,N/A,R1004W-BVG,G,00",12,ZROH,MG7300,146.33,1000,
1,643,7G763-01,PE&EPE-BAG,24,ZROH,MG7300,800.00,1000,
1,644,7J03A-01,PSU Label,24,ZROH,MG7300,304.80,1000,
1,645,7J773-01,Mod1 SN Label,24,ZROH,MG7300,18.33,1000,
1,646,7JB31-002,7JB31-002 Label,24,ZROH,MG7300,186.67,1000,
1,647,7Q001-39,"Pallet, 9-block-alt 1200x1000-FXN",18,ZROH,MG7300,"13,326.94",1000,
1,648,7Q002-01,BAG DESICCANT(100g),24,ZROH,MG7300,480.00,1000,
1,649,80030DB00-220-G,"RDIMM,DDR4,32GB,Hynix,HMA84GR7JJR4N-WM",24,ZROH,MG7300,"118,000.00",1000,
1,650,81080N800-026-G,"SSD,1.92TB,Samsung,MZQLB1T9HAJR-00003",24,ZROH,MG7300,"338,000.00",1000,
1,651,855538-001,TAPE (BOX LABEL) 72x914m,24,ZROH,MG7300,0.92,1000,
1,652,860206E00-289-G,Liteoon CRPS 800W power module,24,ZROH,MG7300,"66,150.00",1000,
1,653,900768,"RIVET, C'SUNK HD, 1/8 STL SK42BS",24,ZROH,02,0.00,1000,
1,654,900864,"SCREW, PHP, 6-32 X .38 SQ CONE, STL ZI",17,ZROH,05,49.17,1000,
1,655,901359,"NUT, SELF CLINCH, 6-32-0 UNC",24,ZROH,02,0.00,1000,
1,656,BO2-H1,insert nut for EMC Baffle,24,ZROH,05,20.00,1000,
1,657,P1310AA10286-1,"Cable, SATA 22-pin Combo, 30AWG x 2-Pair",24,ZROH,05,0.00,1000,
1,658,PCB012700386-1Q,"Cable, Power, PDBB to Big Gulp Power mod",24,ZROH,05,0.00,1000,
1,659,PCB012700386-2,Izumi Busbar Cable with Ferrite,5,ZROH,05,"12,500.00",1000,same as 1130884-01 (which is not in SAP?)
1,660,PCB012800385-4,"Cable, Power, PDBB to Mobo, Length 102mm",8,ZROH,05,"9,480.00",1000,
1,661,PCB042100447-2,"Cable, HDMI, Type D Male-to-Male, 19p, 3",24,ZROH,05,"3,790.00",1000,
1,662,PCB042C00036-2,"Cable, HDMI, R/A Type A Male-to- Standar",8,ZROH,UMOTHR,"3,670.00",1000,comes in as GPN 16000516-01
1,663,RHMAD-0065,"Cable, HDMI, R/A Type A Male-to- Standar",24,ZROH,05,0.00,1000,
1,664,SWS-1098191,Rackback SWS model 0,24,ZHLB,SM007,0.00,1000,
1,665,TI-SATA2200285,"Cable, SATA 22-pin Combo, 30AWG x 2-Pair",24,ZROH,03,"3,070.00",1000,
1,667,07118220,"PAD, SILOCONE, ADHESIVE BACKED .50 X .50",24,ZROH,05,0.00,1000,
1,668,07123639,"SCR,CAPTIVE,PEM PFHV-632-0-CN",24,ZROH,05,0.00,1000,
1,669,07128267,"BRACKET, RETAINER, NIC, ICEFYRE",24,ZROH,05,0.00,1000,
1,670,1074555,"Assy, Ola Bracket V2, GSSD, Warthog",24,ZROH,05,0.00,1000,
1,671,1090960,"Hard Drive, Paris-C 18TB HSMR, 7200RPM,",13,ZROH,03,0.00,1000,
1,672,1098731,"Assy, Tray, Ikea 3.0/4.0,RB,heatSpreader",24,ZFRT,01,"4,588,270.00",1000,
1,673,1111769,"LABEL, SYSTEM, Rackback, COO USA (with K",24,ZROH,05,0.00,1000,
1,674,1111771,"LABEL, SYSTEM, Flatback, COO USA (with K",24,ZROH,05,0.00,1000,
1,675,1111775,"LABEL, SYSTEM, Rackback, COO NLD (with K",24,ZROH,05,0.00,1000,
1,676,1111777,"LABEL, SYSTEM, Flatback, COO NLD (with K",24,ZROH,05,0.00,1000,
1,677,1113291,"Bumper, CPU Baffle, Conan",24,ZROH,05,0.00,1000,
1,678,1116885-01,"Memory, 128GB, Hynix-Renesas-TI, DDR5-48",1,ZROH,02,0.00,1000,
1,679,1116886-01,"Memory, 128GB, Hynix-Rambus-Renesas, DDR",1,ZROH,02,0.00,1000,
1,680,1117606-01,"Packaging, Top Level Assembly, Truck Pac",24,ZROH,04,0.00,1000,
1,681,1129857,"Assy, Tray, Ikea 3.0/4.0, Rackback-VE Sl",24,ZFRT,01,"4,724,990.00",1000,
1,682,1129866,"Assy, Tray, Ikea 4.0 RBS, Flatback-VE Sl",24,ZFRT,01,"4,441,410.00",1000,
1,683,2404258-3,"Cable, Power, PDBB to Big Gulp Power mod",24,ZROH,05,0.00,1000,
1,684,1128685-02,"Assy, PCBA, Redback, PVT",4,ZROH,03,0.00,1000,
1,685,1128691-02,"Assy, PCBA, Yellowback, PVT",4,ZROH,03,0.00,1000,
1,686,1133336,"Ampere Scalable Processors, 160/3.0GHz,",1,ZROH,,0.00,1000,
1,688,1111603-01,"Memory, 64GB, Samsung-IDT/Rambus-MPS, DD",22,ZROH,02,0.00,1000,
1,689,1125367-04,"NIC, Diorite B0 FullRock 48GB with Googl",21,ZROH,02,0.00,1000,AST-A???
1,690,1098745-03,"CSSD-PH2X, PCBA, 512GB Raw, 400GB Useabl",19,ZROH,05,"79,240.00",1000,
1,691,1137088,"Packaging, Top Level Assembly, Truck Pac",23,ZROH,02,0.00,1000,
1,692,42000839-14,"Assy, PCBA, NIC, 1 Port, 1x100GE zQSFP,",6,ZROH,03,"96,000.00",1000,
1,693,1119241-03,"Motherboard, PCBA, Xena, Meg6G, OSP, pre",27,ZHLB,05,"1,127,650.00",1000,
1,694,1119243-02,"Assy, Agora-V2ND, DC-SCM, Xena, pre-EVT2",18,ZHLB,05,"233,510.00",1000,
1,695,1103638-06,"Motherboard, PCBA, Conan, PCB Meg6G_HVLP",27,ZHLB,05,"967,600.00",1000,
1,696,1111604-01,"Memory, 64GB, Samsung-MTG-S.LSI, DDR5-48",22,ZROH,02,0.00,1000,
1,697,1120159-01,"Assy, Warthog, PCIe Gen4 x8, 4096GB TLC,",22,ZROH,02,"605,180.00",1000,
1,698,10162405-1S2007LF,"Cable, Power, PDBB to Big Gulp Power mod",4,ZROH,05,"16,280.00",1000,
1,699,1132154,"14/96/Estimated 400W PR:PVT, OPN 100-000",24,ZROH,UMOTHR,0.00,1000,L6 part stored in HVC
1,700,1088368-09,Astoria_Super Big Gulp_PDB_brick_Scout B,22,ZHLB,SM007,"136,570.00",1000,
1,701,1136475,CPU Heatsink,4,ZROH,03,"548,340.00",1000,
1,702,42001364-09,"Assy, PCBA, RackBack, MOSFET Fix, STPRDC",15,ZROH,03,"205,000.00",1000,
1,703,1134400,"Assy, x16x16 IO Module",4,ZROH,05,0.00,1000,
1,704,1125366-05,"NIC, Diorite B1 FullRock 12GB with Googl",22,ZROH,02,0.00,1000,
1,705,1136048-01,"Assy, PCBA, RackBack, MOSFET Fix, STPRDC",15,ZROH,03,0.00,1000,
1,706,1136152-01,"Assy, PCBA, Flatback, MOSFET Fix, STPRDC",15,ZROH,03,0.00,1000,
1,707,1119041-04,Astoria_AGORA_V2AH_PVT1(MEGTRON 4S+RG311,18,ZROH,SM007,0.00,1000,
1,708,1119241-04,"Motherboard, PCBA, Xena, Meg6G, OSP, EVT",18,ZHLB,05,0.00,1000,
1,709,1119243-03,"Assy, Agora-V2ND, DC-SCM, Xena, EVT, RoH",18,ZHLB,05,0.00,1000,
1,710,1123889-03,Astoria_Mid Gulp_PDB_brick_Scout Build_1,22,ZHLB,SM007,0.00,1000,
1,711,1125367-05,"NIC, Diorite B1 FullRock 48GB with Googl",1,ZROH,02,0.00,1000,
1,712,1136708,"Combo Assy, Motherboard+96C PRD 96C Geno",18,ZHLB,SM007,0.00,1000,
1,713,1141682,"Plastic, CPU Carrier, Siryn, Xena",4,ZROH,05,0.00,1000,
1,714,1142853-01,"Memory, 32GB, Samsung-MTG-S.LSI, DDR5-48",19,ZROH,02,,,
1,715,1142855-01,"Memory, 32GB, Samsung-IDT/Rambus-MPS, DD",18,ZROH,03,,,
1,716,1142856-01,"Memory, 32GB, Samsung-IDT/Rambus-MPS, DD",18,ZROH,03,,,
1,717,1142857-01,"Memory, 32GB, Samsung-IDT/Rambus-MPS, DD",18,ZROH,03,,,
1,718,1142877-01,"Memory, 32GB, Micron-Renesas-TI, DDR5, 4",18,ZROH,02,,,
1,719,1142878-01,"Memory, 32GB, Micron-Montage/Renesas-MPS",18,ZROH,03,,,
1,720,1142885-01,"Memory, 64GB, Micron-Montage/Renesas-MPS",18,ZROH,03,,,
1,721,1142886-01,"Memory, 64GB, Micron-Renesas-Renesas, DD",18,ZROH,02,,,
1,722,1142972-01,"Memory, 64GB, Samsung-Rambus-MPS, DDR5,",22,ZROH,02,,,
1,723,1142975-01,"Memory, 64GB, Samsung-IDT/Rambus-MPS, DD",18,ZROH,03,,,
1,724,1142977-01,"Memory, 64GB, Samsung-IDT/Rambus-MPS, DD",18,ZROH,03,,,
1,725,1142978-01,"Memory, 64GB, Samsung-IDT/Rambus-MPS, DD",18,ZROH,03,,,
1,726,1142979-01,"Memory, 64GB, Samsung-Montage-S.LSI, DDR",18,ZROH,03,,,
1,727,1142843-01,"Memory,32GB,Samsung-Rambus-MPS,DDR5-4800",22,ZROH,02,,,
1,728,1123527,LAIRD_GOG-LT21CJ3941A,18,ZROH,01,0.00,1000,
1,729,1046498-02,AMD GPU,24,,,,,L6/L10 keeping constant inventory on this item for Jia-Yean Koh (CM?)
1,730,BDYTHT-161- 486-1,"BRADY3"" CORE METALLIZED HIGH ADHESION MA",11,ZROH,05,,,
1,731,1092676-01,"Fan, 40x40x28 mm, 25000 RPM, 10.8V-12.6V",4,ZROH,05,0.00,1000,"DO NOT CONFUSE WITH 1092676, which looks similar!!!!"
1,732,42000834-12,"Assy, PCBA, NIC, 1-Port, 1x50GE zQSFP, I",13,ZROH,03,,,
